folioviv,foliohog,numren,ambito,sinco,factor_w,_insegalim_modsev_proxy,_insegalim_severa_proxy
0100006403,1,01,urbano,2271,193,0,0
0100010902,1,01,urbano,5212,194,0,0
0100012004,1,01,urbano,2712,191,1,0
0100013801,1,01,urbano,2271,183,0,0
0100014206,1,01,urbano,2553,203,0,0
0100026706,1,01,urbano,9713,193,0,0
0100028006,1,01,urbano,2271,331,0,0
0100031404,1,01,urbano,5212,197,1,1
0100038501,1,01,urbano,2271,177,0,0
0100049904,1,01,urbano,1422,162,0,0
0100049905,1,01,urbano,2271,162,1,0
0100062901,1,01,urbano,2271,179,0,0
0100062902,1,01,urbano,2271,179,0,0
0100064201,1,01,urbano,2271,202,0,0
0100074304,1,01,urbano,1421,208,0,0
0100084202,1,01,urbano,2271,187,0,0
0100085306,1,01,urbano,2712,171,0,0
0100088706,1,01,urbano,2271,266,0,0
0100089401,1,01,urbano,2551,223,0,0
0100091906,1,01,urbano,2172,191,0,0
0100118506,1,01,urbano,2162,240,0,0
0100121804,1,01,urbano,7322,199,0,0
0100127605,1,01,urbano,2172,207,0,0
0100129002,1,01,urbano,2162,233,0,0
0100129003,1,01,urbano,2544,233,0,0
0100141605,1,01,urbano,2173,206,0,0
0100157003,1,01,urbano,2152,204,0,0
0100160502,1,01,urbano,2271,217,0,0
0100164603,1,01,urbano,3222,218,0,0
0100180006,1,01,urbano,2712,198,0,0
0100181305,1,01,urbano,2543,173,0,0
0100182506,1,01,urbano,2172,209,0,0
0100183703,1,01,urbano,7342,178,0,0
0100188704,1,01,urbano,2271,234,0,0
0100192502,1,01,urbano,7201,203,0,0
0100197601,1,01,urbano,2271,228,1,0
0100197606,1,01,urbano,2271,228,0,0
0100201301,1,01,urbano,2162,162,0,0
0100203306,1,01,urbano,2271,199,0,0
0100217402,1,01,urbano,2271,238,0,0
0100218603,1,01,urbano,2271,167,0,0
0100224805,1,01,urbano,5212,187,1,0
0100236201,1,01,urbano,2172,224,0,0
0100236205,1,01,urbano,5212,224,0,0
0100249502,1,01,urbano,7301,174,0,0
0100259715,1,01,urbano,3222,126,0,0
0100259717,1,01,urbano,2172,126,0,0
0100276905,1,01,urbano,2542,203,0,0
0100282001,1,01,urbano,2173,264,0,0
0100283303,1,01,urbano,2271,443,0,0
0100284603,1,01,urbano,2161,232,0,0
0100284604,1,01,urbano,5212,232,1,0
0100298303,1,01,urbano,5212,147,0,0
0100298919,1,01,urbano,5212,147,0,0
0160308202,1,01,rural,2172,43,0,0
0160308205,1,01,rural,2172,43,1,1
0160311202,1,01,rural,7332,51,0,0
0160321021,1,01,rural,5212,54,0,0
0160324924,1,01,rural,8144,53,0,0
0160326716,1,01,rural,7343,53,0,0
0160326921,1,01,rural,7343,53,0,0
0160330717,1,01,rural,2173,53,0,0
0160332818,1,01,rural,2172,41,0,0
0160333410,1,01,rural,2172,48,0,0
0160333713,1,01,rural,1721,48,0,0
0160333921,1,01,rural,2172,48,0,0
0160335411,1,01,rural,5212,64,0,0
0160338507,1,01,rural,2172,50,0,0
0160341206,1,01,rural,2172,52,0,0
0160344816,1,01,rural,2552,49,0,0
0200355904,1,01,urbano,2625,366,0,0
0200358206,1,01,urbano,8144,621,0,0
0200359203,1,01,urbano,8144,512,0,0
0200365504,1,01,urbano,2162,681,0,0
0200372402,1,01,urbano,2271,657,0,0
0200380803,1,01,urbano,2552,499,0,0
0200402706,1,01,urbano,7322,757,0,0
0200407202,1,01,urbano,2271,694,0,0
0200411606,1,01,urbano,7401,635,0,0
0200413601,1,01,urbano,1322,719,0,0
0200415005,1,01,urbano,2271,644,0,0
0200418802,1,01,urbano,5212,697,0,0
0200440702,1,01,urbano,2172,777,0,0
0200451203,1,01,urbano,4312,741,0,0
0200501204,1,01,urbano,2271,671,0,0
0200537202,1,01,urbano,2173,480,0,0
0200542605,1,01,urbano,7301,581,0,0
0200561605,1,01,urbano,7322,577,0,0
0200575201,1,01,urbano,2712,801,0,0
0200589304,1,01,urbano,2271,831,0,0
0200593703,1,01,urbano,2553,789,0,0
0200609206,1,01,urbano,7342,623,0,0
0200617504,1,01,urbano,7999,558,0,0
0200618303,1,01,urbano,2271,719,0,0
0200627904,1,01,urbano,2655,540,0,0
0200630201,1,01,urbano,2636,640,0,0
0200650401,1,01,urbano,7322,646,0,0
0200653602,1,01,urbano,2542,267,0,0
0200654803,1,01,urbano,7353,478,0,0
0200656004,1,01,urbano,5212,685,0,0
0200660501,1,01,urbano,5212,556,0,0
0260706818,1,01,rural,2271,28,0,0
0260713815,1,01,rural,5212,38,0,0
0260717412,1,01,rural,2173,33,0,0
0260719716,1,01,rural,2551,41,0,0
0260720919,1,01,rural,7401,36,0,0
0260740201,1,01,rural,4312,33,0,0
0260745816,1,01,rural,4312,28,0,0
0260752303,2,01,rural,2173,30,0,0
0260754020,1,01,rural,2173,34,0,0
0260759823,1,01,rural,9713,19,0,0
0260770508,1,01,rural,7611,43,0,0
0260773818,1,01,rural,1422,22,0,0
0260794411,1,01,rural,2271,26,0,0
0260802714,1,01,rural,4312,28,0,0
0300804717,1,01,urbano,2144,114,0,0
0300806510,1,01,urbano,2543,125,0,0
0300812205,1,01,urbano,2152,105,0,0
0300813713,1,01,urbano,2271,111,0,0
0300816922,1,01,urbano,3222,91,1,1
0300851806,1,01,urbano,5212,139,1,0
0300867801,1,01,urbano,2271,135,0,0
0300867801,1,01,urbano,2271,135,0,0
0300872706,1,01,urbano,7343,160,0,0
0300879004,1,01,urbano,7322,128,0,0
0300883905,1,01,urbano,7321,138,0,0
0300894501,1,01,urbano,2543,120,0,0
0300902502,1,01,urbano,5212,134,0,0
0300917506,1,01,urbano,4312,121,0,0
0300926402,1,01,urbano,1722,102,0,0
0300927002,1,01,urbano,3222,119,0,0
0300933301,1,01,urbano,2543,125,0,0
0300933305,1,01,urbano,7223,125,0,0
0300943403,1,01,urbano,2172,129,0,0
0300954802,1,01,urbano,2655,217,0,0
0300963701,1,01,urbano,7321,138,1,0
0300974704,1,01,urbano,2172,194,0,0
0300975306,1,01,urbano,2552,185,0,0
0300976906,1,01,urbano,2544,197,0,0
0300979205,1,01,urbano,2552,177,0,0
0300989704,1,01,urbano,2271,117,0,0
0300999605,1,01,urbano,1422,176,0,0
0301012701,1,01,urbano,1422,169,0,0
0301025001,1,01,urbano,7999,131,0,0
0301030205,1,01,urbano,3222,148,0,0
0301031201,1,01,urbano,7342,159,0,0
0301059502,1,01,urbano,2542,143,0,0
0301077206,1,01,urbano,5212,217,0,0
0301078903,1,01,urbano,3222,229,0,0
0301083904,1,01,urbano,4312,164,0,0
0301086404,1,01,urbano,2655,191,0,0
0301090802,1,01,urbano,2655,175,0,0
0301091906,1,01,urbano,2172,154,0,0
0301093404,1,01,urbano,3222,161,1,0
0301094601,1,01,urbano,2544,150,0,0
0301096006,1,01,urbano,2655,167,0,0
0301106203,1,01,urbano,5212,152,0,0
0301106206,1,01,urbano,3222,152,0,0
0301106206,2,01,urbano,3222,152,0,0
0301106206,4,01,urbano,3222,152,0,0
0301108402,1,01,urbano,2544,171,0,0
0301109605,1,01,urbano,2172,244,0,0
0301111806,1,01,urbano,5212,206,0,0
0361114922,1,01,rural,7313,26,0,0
0361118202,1,01,rural,5212,26,0,0
0361120512,1,01,rural,7353,23,0,0
0361132919,1,01,rural,2161,27,0,0
0361134206,1,01,rural,1721,39,0,0
0361134718,1,01,rural,7342,39,0,0
0361155924,1,01,rural,4312,31,0,0
0401161021,1,01,urbano,7313,141,0,0
0401161303,1,01,urbano,7332,141,0,0
0401164715,1,01,urbano,7332,129,0,0
0401175505,1,01,urbano,2162,129,0,0
0401183204,1,01,urbano,1422,130,0,0
0401191006,1,01,urbano,2712,120,0,0
0401206605,1,01,urbano,2625,120,0,0
0401217405,1,01,urbano,9713,126,0,0
0401250304,1,01,urbano,7323,136,0,0
0401257805,1,01,urbano,7201,115,0,0
0401263001,1,01,urbano,5212,127,0,0
0401264502,1,01,urbano,2712,110,0,0
0401295503,1,01,urbano,2271,140,0,0
0401320501,1,01,urbano,2173,133,0,0
0401323703,1,01,urbano,7332,99,1,0
0401324401,1,01,urbano,2551,98,0,0
0401376006,1,01,urbano,5212,75,0,0
0401392609,1,01,urbano,2271,133,0,0
0401396305,1,01,urbano,7321,123,0,0
0401400023,1,01,urbano,7332,117,0,0
0401400508,1,01,urbano,5212,117,0,0
0461407019,1,01,rural,7332,120,0,0
0461407405,1,01,rural,2271,120,0,0
0461407608,1,01,rural,7332,120,0,0
0461408301,1,01,rural,7332,148,1,1
0461408512,1,01,rural,7332,148,1,1
0461408919,1,01,rural,7332,148,1,0
0461408921,1,01,rural,7332,148,0,0
0461408922,1,01,rural,7332,148,0,0
0461408923,1,01,rural,7332,148,0,0
0461408924,1,01,rural,7332,148,0,0
0461413408,1,01,rural,7353,124,0,0
0461415409,1,01,rural,5212,115,0,0
0461429611,1,01,rural,7343,132,0,0
0501432802,1,01,urbano,7322,253,0,0
0501440506,1,01,urbano,2652,253,0,0
0501442901,1,01,urbano,2625,225,0,0
0501445602,1,01,urbano,4312,290,0,0
0501449502,1,01,urbano,2655,243,0,0
0501454704,1,01,urbano,8144,245,0,0
0501470814,1,01,urbano,2271,242,0,0
0501474404,1,01,urbano,2271,551,0,0
0501475006,1,01,urbano,7322,384,0,0
0501484305,1,01,urbano,2173,242,0,0
0501485906,1,01,urbano,2551,475,0,0
0501485906,1,01,urbano,2544,475,0,0
0501488301,1,01,urbano,2271,286,0,0
0501511706,1,01,urbano,2172,232,0,0
0501515001,1,01,urbano,7401,267,0,0
0501522203,1,01,urbano,2712,328,0,0
0501590201,1,01,urbano,2544,291,0,0
0501591502,1,01,urbano,2625,278,0,0
0501598004,1,01,urbano,2172,287,0,0
0501608302,1,01,urbano,2144,368,0,0
0501608305,1,01,urbano,2271,368,0,0
0501610506,1,01,urbano,2271,424,0,0
0501617702,1,01,urbano,5212,378,0,0
0501658303,1,01,urbano,2172,302,0,0
0501665901,1,01,urbano,2271,349,0,0
0501666803,1,01,urbano,2625,278,0,0
0501673605,1,01,urbano,2144,437,0,0
0501681903,1,01,urbano,2172,287,0,0
0501690304,1,01,urbano,2173,255,0,0
0501722405,1,01,urbano,2712,270,0,0
0501734005,1,01,urbano,2542,293,0,0
0501748805,1,01,urbano,2271,315,0,0
0501751302,1,01,urbano,2271,288,0,0
0501766801,1,01,urbano,2544,311,0,0
0501768805,1,01,urbano,1421,293,0,0
0501772704,1,01,urbano,7353,299,1,0
0501777401,1,01,urbano,5212,402,1,0
0501779604,1,01,urbano,7321,396,0,0
0501785202,1,01,urbano,7321,290,0,0
0501804704,1,01,urbano,2625,392,0,0
0501806606,1,01,urbano,2271,272,0,0
0501809805,1,01,urbano,2271,320,0,0
0501838003,1,01,urbano,4312,382,0,0
0501841305,1,01,urbano,2271,372,0,0
0501843701,1,01,urbano,1421,332,0,0
0501846508,1,01,urbano,9713,248,0,0
0501847204,1,01,urbano,2172,249,0,0
0501850824,1,01,urbano,7342,253,0,0
0501863303,1,01,urbano,2271,391,0,0
0501872906,1,01,urbano,8144,301,0,0
0501881002,1,01,urbano,7201,236,0,0
0501883006,1,01,urbano,2544,282,1,1
0501890605,1,01,urbano,2144,298,0,0
0501896701,1,01,urbano,7313,271,0,0
0501907604,1,01,urbano,2544,330,0,0
0501908806,1,01,urbano,3222,314,0,0
0501915705,1,01,urbano,5212,242,0,0
0501921405,1,01,urbano,2131,257,0,0
0501923804,1,01,urbano,2162,239,0,0
0501928701,1,01,urbano,2271,256,0,0
0501952904,1,01,urbano,5212,236,0,0
0501968503,1,01,urbano,5212,260,0,0
0501973204,1,01,urbano,7343,275,0,0
0501974806,1,01,urbano,7223,278,0,0
0501980303,1,01,urbano,2162,245,0,0
0501987701,1,01,urbano,2173,250,0,0
0501994703,1,01,urbano,5212,271,0,0
0502001002,1,01,urbano,1322,326,0,0
0502009601,1,01,urbano,4312,215,0,0
0502013006,1,01,urbano,2172,261,1,0
0502026904,1,01,urbano,5212,303,0,0
0502027715,1,01,urbano,2655,307,0,0
0562034303,1,01,rural,2172,129,0,0
0562039205,1,01,rural,2271,80,0,0
0562039716,1,01,rural,7201,80,0,0
0562059407,1,01,rural,4312,91,0,0
0602068401,1,01,urbano,2172,84,0,0
0602069020,1,01,urbano,2172,99,0,0
0602077302,1,01,urbano,1721,112,0,0
0602081906,1,01,urbano,2544,84,1,1
0602083902,1,01,urbano,2655,165,0,0
0602094806,1,01,urbano,2271,120,0,0
0602100005,1,01,urbano,2625,120,0,0
0602106001,1,01,urbano,2271,95,0,0
0602106003,1,01,urbano,7342,95,0,0
0602110203,1,01,urbano,7313,93,0,0
0602116304,1,01,urbano,2625,106,0,0
0602127302,1,01,urbano,2161,109,1,0
0602128503,1,01,urbano,5212,111,0,0
0602131905,1,01,urbano,5212,120,0,0
0602143501,1,01,urbano,2271,113,0,0
0602149402,1,01,urbano,7332,112,0,0
0602154801,1,01,urbano,1422,125,0,0
0602161301,1,01,urbano,2655,65,0,0
0602164021,1,01,urbano,7201,69,0,0
0602173806,1,01,urbano,7332,96,1,0
0602183803,1,01,urbano,7332,86,0,0
0602188502,1,01,urbano,2552,126,0,0
0602189501,1,01,urbano,2271,109,0,0
0602203906,1,01,urbano,7201,125,0,0
0602211802,1,01,urbano,7332,116,0,0
0602220403,1,01,urbano,2712,105,0,0
0602227406,1,01,urbano,1421,135,0,0
0602230004,1,01,urbano,2636,121,0,0
0602244401,1,01,urbano,5212,121,0,0
0602275022,1,01,urbano,5212,97,0,0
0602275609,1,01,urbano,7999,97,0,0
0602277507,1,01,urbano,2271,90,0,0
0602282611,1,01,urbano,4312,112,0,0
0602285206,1,01,urbano,2271,116,0,0
0602297901,1,01,urbano,2271,138,0,0
0602302401,1,01,urbano,7343,109,0,0
0602303702,1,01,urbano,2172,107,0,0
0602311405,1,01,urbano,2271,198,0,0
0602321202,1,01,urbano,2552,115,0,0
0602321202,2,01,urbano,5212,115,0,0
0602321202,2,01,urbano,4233,115,0,0
0602330003,1,01,urbano,5212,128,0,0
0602344006,1,01,urbano,2712,106,0,0
0602350805,1,01,urbano,2271,148,0,0
0602359802,1,01,urbano,2271,103,0,0
0602359802,1,01,urbano,2271,103,0,0
0602363301,1,01,urbano,2162,108,0,0
0602374003,1,01,urbano,2271,127,0,0
0602375306,1,01,urbano,2271,132,0,0
0602381806,1,01,urbano,2552,139,0,0
0662388814,1,01,rural,7321,16,0,0
0662389814,1,01,rural,7332,24,0,0
0662392305,1,01,rural,7343,14,1,0
0662393019,1,01,rural,7999,14,0,0
0662398511,1,01,rural,7343,18,0,0
0662405024,1,01,rural,2172,16,0,0
0662411920,1,01,rural,7343,14,1,0
0662414616,1,01,rural,9713,20,0,0
0662418202,1,01,rural,7353,17,0,0
0662428616,1,01,rural,4312,14,0,0
0662429511,1,01,rural,7332,17,0,0
0662434407,1,01,rural,5212,23,0,0
0662440303,1,01,rural,1722,22,0,0
0662440817,1,01,rural,7313,22,1,1
0702454604,1,01,urbano,7353,849,0,0
0702454606,1,01,urbano,9713,849,0,0
0702455806,1,01,urbano,7321,711,0,0
0702459204,1,01,urbano,2271,891,0,0
0702465506,1,01,urbano,7343,672,0,0
0702472706,1,01,urbano,7353,751,0,0
0702476411,1,01,urbano,2552,664,0,0
0702476717,1,01,urbano,7353,664,1,1
0702482002,1,01,urbano,2712,668,0,0
0702490003,1,01,urbano,3222,550,0,0
0702492603,1,01,urbano,7343,595,1,1
0702497817,1,01,urbano,5212,712,0,0
0702499401,1,01,urbano,7332,942,1,0
0702528202,1,01,urbano,2172,988,0,0
0702528206,1,01,urbano,2625,988,0,0
0702531404,1,01,urbano,2162,550,0,0
0702535603,1,01,urbano,2271,808,0,0
0702548702,1,01,urbano,7322,719,0,0
0702553203,1,01,urbano,2544,1256,0,0
0702563405,1,01,urbano,4312,1419,0,0
0702569402,1,01,urbano,2655,672,0,0
0712571617,1,01,urbano,2625,519,0,0
0712573305,1,01,urbano,1422,677,0,0
0712573715,1,01,urbano,2271,677,0,0
0712578803,1,01,urbano,7343,758,0,0
0712579408,1,01,urbano,7332,324,0,0
0762585612,1,01,rural,2172,690,0,0
0762586713,1,01,rural,2655,568,0,0
0762587203,1,01,rural,7342,668,1,1
0762587412,1,01,rural,7343,668,0,0
0762588301,1,01,rural,7332,672,1,0
0762588510,1,01,rural,7332,672,0,0
0762589206,1,01,rural,7343,653,0,0
0762589206,2,01,rural,7343,653,0,0
0762589409,1,01,rural,7343,653,0,0
0762590508,1,01,rural,7313,585,0,0
0762602715,1,01,rural,7342,631,0,0
0762618401,1,01,rural,2172,644,0,0
0762620824,1,01,rural,7332,717,0,0
0762621305,1,01,rural,2152,658,0,0
0762625919,1,01,rural,7343,680,0,0
0802628410,1,01,urbano,7342,314,0,0
0802628714,1,01,urbano,7342,314,0,0
0802644920,1,01,urbano,7353,495,1,0
0802662306,1,01,urbano,2271,356,0,0
0802663704,1,01,urbano,2271,385,0,0
0802664904,1,01,urbano,2652,398,0,0
0802689501,1,01,urbano,7201,394,0,0
0802706501,1,01,urbano,5212,360,1,0
0802709402,1,01,urbano,4312,380,0,0
0802742906,1,01,urbano,2271,352,0,0
0802742906,1,01,urbano,2271,352,0,0
0802760205,1,01,urbano,2173,384,0,0
0802776606,1,01,urbano,2271,411,0,0
0802786601,1,01,urbano,9713,393,0,0
0802790906,1,01,urbano,2271,394,1,0
0802791804,1,01,urbano,2172,287,0,0
0802798503,1,01,urbano,2543,398,0,0
0802813404,1,01,urbano,2271,416,0,0
0802825005,1,01,urbano,8144,334,0,0
0802825006,1,01,urbano,2172,334,0,0
0802848921,1,01,urbano,5212,393,0,0
0802849903,1,01,urbano,7601,361,0,0
0802874305,1,01,urbano,7322,348,0,0
0802891601,1,01,urbano,7321,349,0,0
0802900903,1,01,urbano,7321,492,0,0
0802915905,1,01,urbano,2271,306,0,0
0802919406,1,01,urbano,2271,286,0,0
0802921202,1,01,urbano,5212,379,0,0
0802935001,1,01,urbano,2625,394,0,0
0802939904,1,01,urbano,8144,287,0,0
0802954505,1,01,urbano,2625,351,0,0
0802965905,1,01,urbano,7322,351,0,0
0802977005,1,01,urbano,7223,329,0,0
0802989204,1,01,urbano,2173,283,0,0
0803011803,1,01,urbano,5212,343,0,0
0803017705,1,01,urbano,5212,328,0,0
0803018603,1,01,urbano,2162,332,0,0
0803019801,1,01,urbano,2271,368,0,0
0803022503,1,01,urbano,2271,344,0,0
0803022505,1,01,urbano,2271,344,0,0
0803030801,1,01,urbano,7999,333,0,0
0803057802,1,01,urbano,5212,307,0,0
0803059306,1,01,urbano,2271,360,0,0
0803059306,1,01,urbano,2172,360,0,0
0803071201,1,01,urbano,7342,279,0,0
0803074903,1,01,urbano,7353,322,0,0
0803075203,1,01,urbano,2271,348,0,0
0803087202,1,01,urbano,2544,343,0,0
0803088405,1,01,urbano,4312,359,0,0
0803099703,1,01,urbano,8144,307,0,0
0803123023,1,01,urbano,2172,294,0,0
0803123612,1,01,urbano,2173,294,0,0
0803125615,1,01,urbano,7353,482,0,0
0803129814,1,01,urbano,2271,463,0,0
0863143411,1,01,rural,7332,63,1,1
0863145024,1,01,rural,7313,83,1,1
0863149508,1,01,rural,7999,80,0,0
0863152201,1,01,rural,5212,68,0,0
0863152714,1,01,rural,7332,68,1,0
0863161407,1,01,rural,7201,80,0,0
0863166304,1,01,rural,7353,86,0,0
0863171304,1,01,rural,2172,94,1,0
0863179511,1,01,rural,4312,80,0,0
0863185821,1,01,rural,7313,80,1,0
0863187408,1,01,rural,2271,76,0,0
0863213304,1,01,rural,5212,70,0,0
0903230304,1,01,urbano,2271,1317,0,0
0903237402,1,01,urbano,2543,1625,0,0
0903247703,1,01,urbano,2131,1553,0,0
0903256602,1,01,urbano,5212,1585,0,0
0903258001,1,01,urbano,2152,1485,0,0
0903260502,1,01,urbano,2152,1239,0,0
0903260503,1,01,urbano,2271,1239,0,0
0903286706,1,01,urbano,7301,1596,0,0
0903293803,1,01,urbano,7342,1124,0,0
0903294705,1,01,urbano,7322,1276,0,0
0903298902,1,01,urbano,5212,1604,0,0
0903311805,1,01,urbano,9713,1526,0,0
0903313303,1,01,urbano,7322,1380,0,0
0903314301,1,01,urbano,7301,1665,0,0
0903317502,1,01,urbano,2636,1208,0,0
0903328603,1,01,urbano,4312,1456,0,0
0903328606,1,01,urbano,5212,1456,0,0
0903341601,1,01,urbano,2271,1640,0,0
0903346501,1,01,urbano,2161,1534,0,0
0903355601,1,01,urbano,2271,1195,1,0
0903360003,1,01,urbano,2712,1408,1,0
0903363901,1,01,urbano,4312,1734,0,0
0903370201,1,01,urbano,7352,1444,0,0
0903370202,1,01,urbano,2271,1444,0,0
0903377001,1,01,urbano,7999,1558,0,0
0903378003,1,01,urbano,2172,1516,0,0
0903379304,1,01,urbano,2655,1218,0,0
0903388405,1,01,urbano,8144,1579,0,0
0903389502,1,01,urbano,2271,1354,0,0
0913408201,1,01,urbano,2271,2562,0,0
0913408205,1,01,urbano,7301,2562,0,0
0913411901,1,01,urbano,7301,1658,0,0
0913416305,1,01,urbano,5212,1207,0,0
0913419605,1,01,urbano,2271,1632,0,0
0913422806,1,01,urbano,3222,1295,0,0
0913423004,1,01,urbano,2652,1498,0,0
0913425801,1,01,urbano,7343,1556,0,0
0913429303,1,01,urbano,2152,1169,0,0
0913437205,1,01,urbano,2271,1643,0,0
0913442804,1,01,urbano,1322,1505,0,0
0913442806,1,01,urbano,2544,1505,0,0
0913457804,1,01,urbano,1722,1738,0,0
0913458004,1,01,urbano,1722,1957,0,0
0913459503,1,01,urbano,2144,1659,0,0
0913465402,1,01,urbano,2655,1512,0,0
0913468205,1,01,urbano,2712,1761,0,0
0913470604,1,01,urbano,2271,1656,0,0
0913477506,1,01,urbano,2271,1501,0,0
0913486203,1,01,urbano,2543,1594,1,0
0913494006,1,01,urbano,2552,1451,0,0
0913498304,1,01,urbano,7301,1610,1,0
0913499506,1,01,urbano,2271,1348,0,0
0913501606,1,01,urbano,2152,1549,0,0
0913504301,1,01,urbano,2175,1212,0,0
0913504301,1,01,urbano,2175,1212,0,0
0913505502,1,01,urbano,2541,1563,0,0
0913505504,1,01,urbano,1721,1563,0,0
0913509401,1,01,urbano,2271,1111,0,0
0913512004,1,01,urbano,2173,1218,0,0
0913527201,1,01,urbano,2271,1251,0,0
0913528902,1,01,urbano,2712,1723,0,0
0913529203,2,01,urbano,2271,934,0,0
0913535304,1,01,urbano,2271,2828,0,0
0913545705,1,01,urbano,2172,718,0,0
0913547906,3,01,urbano,2271,1535,0,0
0913553004,1,01,urbano,2271,1691,0,0
0913554302,1,01,urbano,1421,1591,0,0
0913558205,1,01,urbano,1722,1269,0,0
0913558205,1,01,urbano,2151,1269,0,0
0913562006,1,01,urbano,4233,1861,0,0
0913563306,1,01,urbano,5212,1792,0,0
0923574506,1,01,urbano,7342,1568,0,0
0923583403,1,01,urbano,2271,1735,0,0
0923587004,1,01,urbano,2271,2374,0,0
0923588304,1,01,urbano,2271,2335,0,0
0923596201,1,01,urbano,2542,1407,0,0
0923596202,1,01,urbano,2271,1407,0,0
0923599604,1,01,urbano,7332,1698,0,0
0923600606,1,01,urbano,2552,1098,0,0
0923602005,1,01,urbano,1322,1629,0,0
0923603302,1,01,urbano,2162,1699,0,0
0923604505,1,01,urbano,1421,1497,0,0
0923608806,1,01,urbano,2655,1731,0,0
0923613605,1,01,urbano,2543,1631,0,0
0923613606,1,01,urbano,1721,1631,0,0
0923615301,1,01,urbano,2271,1723,0,0
0923617506,1,01,urbano,1422,1414,0,0
0963620409,1,01,rural,2173,32,1,0
0963629713,1,01,rural,2164,24,0,0
0963633019,1,01,rural,2271,24,0,0
0963635717,1,01,rural,9713,32,0,0
0963635924,1,01,rural,2271,32,0,0
0963635924,1,01,rural,2552,32,0,0
0963636614,1,01,rural,2652,34,0,0
0963642201,1,01,rural,8144,25,0,0
1003654904,1,01,urbano,2173,306,0,0
1003656404,1,01,urbano,5212,241,0,0
1003658605,1,01,urbano,7322,267,0,0
1003675705,1,01,urbano,9713,263,1,0
1003678501,1,01,urbano,9713,310,0,0
1003701704,1,01,urbano,7999,276,0,0
1003710305,1,01,urbano,2552,289,0,0
1003717002,1,01,urbano,9713,266,0,0
1003721504,1,01,urbano,2172,272,0,0
1003724904,1,01,urbano,4312,264,0,0
1003726404,1,01,urbano,2162,276,0,0
1003727703,1,01,urbano,2712,271,0,0
1003731001,1,01,urbano,2172,263,0,0
1003732304,1,01,urbano,9713,285,1,0
1003750201,1,01,urbano,2173,263,0,0
1003761302,1,01,urbano,2552,264,0,0
1003764701,1,01,urbano,7301,258,0,0
1003772802,1,01,urbano,1322,222,0,0
1003781505,1,01,urbano,2172,231,1,0
1003782704,1,01,urbano,2271,247,0,0
1003799804,1,01,urbano,2271,236,0,0
1003799805,1,01,urbano,2172,236,0,0
1003819903,1,01,urbano,2544,237,0,0
1003822403,1,01,urbano,2636,264,0,0
1003824604,1,01,urbano,7999,226,0,0
1003825804,1,01,urbano,2172,220,0,0
1003846304,1,01,urbano,2172,253,0,0
1003847502,1,01,urbano,7353,278,0,0
1003861801,1,01,urbano,2655,242,0,0
1003892020,1,01,urbano,7301,239,0,0
1003893713,1,01,urbano,2271,256,0,0
1003896609,1,01,urbano,2173,301,0,0
1003896609,2,01,urbano,2173,301,0,0
1003897022,1,01,urbano,2172,269,1,1
1063912410,1,01,rural,5212,114,0,0
1063912411,1,01,rural,2172,114,0,0
1063912714,1,01,rural,2271,114,0,0
1063918021,1,01,rural,2172,100,0,0
1063926717,1,01,rural,7313,100,0,0
1063930614,1,01,rural,7332,108,1,1
1063930615,1,01,rural,7332,108,1,1
1063930924,1,01,rural,7343,108,0,0
1063936206,1,01,rural,2172,109,1,0
1063950202,1,01,rural,2172,102,0,0
1063950713,1,01,rural,4312,102,0,0
1063954205,1,01,rural,2172,101,0,0
1063954820,1,01,rural,2172,101,0,0
1103958304,1,01,urbano,7301,1189,0,0
1103989301,1,01,urbano,7611,641,0,0
1103989717,1,01,urbano,7611,641,0,0
1103991206,1,01,urbano,2271,889,0,0
1103995503,1,01,urbano,7611,569,1,1
1103996201,1,01,urbano,2163,860,0,0
1104009402,2,01,urbano,7332,917,0,0
1104009404,1,01,urbano,2152,917,0,0
1104028805,1,01,urbano,2162,676,0,0
1104029006,1,01,urbano,1422,562,0,0
1104035505,1,01,urbano,7353,1011,0,0
1104037603,1,01,urbano,7611,915,0,0
1104041802,1,01,urbano,7353,906,1,0
1104042202,1,01,urbano,7353,887,0,0
1104045602,1,01,urbano,7301,924,1,1
1104045604,1,01,urbano,2712,924,0,0
1104049303,1,01,urbano,7353,901,1,0
1104049306,1,01,urbano,7353,901,0,0
1104051302,1,01,urbano,5212,819,0,0
1104051304,1,01,urbano,2625,819,0,0
1104057703,1,01,urbano,7353,823,0,0
1104058904,2,01,urbano,7353,861,0,0
1104058905,1,01,urbano,8144,861,0,0
1104060205,2,01,urbano,7353,847,1,1
1104062601,1,01,urbano,7322,882,1,0
1104062602,1,01,urbano,7353,882,0,0
1104065901,1,01,urbano,2543,816,1,1
1104065904,1,01,urbano,2271,816,1,0
1104068003,1,01,urbano,7353,925,0,0
1104071406,1,01,urbano,2271,884,0,0
1104076904,1,01,urbano,7353,927,0,0
1104080304,1,01,urbano,7353,522,0,0
1104082403,1,01,urbano,7353,860,0,0
1104084601,1,01,urbano,1422,1099,0,0
1104087804,1,01,urbano,4312,832,0,0
1104088303,1,01,urbano,7342,736,0,0
1104089005,1,01,urbano,7353,918,0,0
1104095305,1,01,urbano,7332,1122,0,0
1104097305,1,01,urbano,2162,955,0,0
1104100802,1,01,urbano,7352,1319,0,0
1104114501,1,01,urbano,2625,869,0,0
1104119703,1,01,urbano,2271,1142,0,0
1104121804,1,01,urbano,7353,925,1,1
1104121806,1,01,urbano,7352,925,0,0
1104125503,1,01,urbano,7999,965,0,0
1104129503,1,01,urbano,2271,826,0,0
1104129506,1,01,urbano,7353,826,0,0
1104130903,1,01,urbano,2271,1340,0,0
1104131201,1,01,urbano,7352,834,1,1
1104136818,1,01,urbano,7353,897,0,0
1104137001,1,01,urbano,2541,776,0,0
1104140505,1,01,urbano,7353,828,0,0
1114150905,1,01,urbano,2144,1084,0,0
1114150905,1,01,urbano,2712,1084,0,0
1114156702,1,01,urbano,7353,722,0,0
1114161616,1,01,urbano,2172,850,0,0
1114163304,1,01,urbano,9713,3215,0,0
1114166601,1,01,urbano,4312,3668,0,0
1114168022,1,01,urbano,4312,662,0,0
1114168511,1,01,urbano,7343,662,1,1
1114168718,1,01,urbano,7343,662,0,0
1164183819,1,01,rural,1722,273,0,0
1164191201,1,01,rural,7999,234,0,0
1164191615,1,01,rural,7999,234,1,0
1164191616,1,01,rural,2173,234,1,0
1164191920,1,01,rural,7999,234,0,0
1164197715,1,01,rural,4312,275,0,0
1164200411,1,01,rural,7611,281,1,1
1164201507,1,01,rural,2173,324,0,0
1164206201,1,01,rural,4312,260,0,0
1164215607,1,01,rural,7342,277,0,0
1164223305,1,01,rural,2655,292,0,0
1164226512,1,01,rural,8155,306,0,0
1164228305,1,01,rural,7322,207,0,0
1164228512,1,01,rural,8155,207,0,0
1164236814,1,01,rural,2542,269,0,0
1164241509,1,01,rural,2172,329,0,0
1164242920,1,01,rural,2172,272,0,0
1164242921,1,01,rural,2172,272,0,0
1164246405,1,01,rural,7332,266,0,0
1204295202,1,01,urbano,7321,811,0,0
1204316902,1,01,urbano,2271,676,0,0
1204324601,1,01,urbano,2172,504,1,1
1204328003,1,01,urbano,5212,444,0,0
1204338511,1,01,urbano,7321,469,0,0
1204338512,1,01,urbano,7223,469,0,0
1204340206,1,01,urbano,2172,548,1,1
1204342302,1,01,urbano,2172,526,0,0
1204343021,1,01,urbano,7321,475,1,0
1204345023,1,01,urbano,7313,259,0,0
1204345508,1,01,urbano,7313,259,0,0
1204346409,1,01,urbano,2655,435,0,0
1204353605,1,01,urbano,2655,360,1,0
1204363806,1,01,urbano,2173,681,0,0
1204364405,1,01,urbano,7353,515,0,0
1204372301,1,01,urbano,2152,421,0,0
1204372302,1,01,urbano,2652,421,1,0
1204379606,1,01,urbano,7353,302,0,0
1204381805,1,01,urbano,2173,478,1,0
1204391301,1,01,urbano,2152,280,0,0
1204394921,1,01,urbano,2712,407,0,0
1204397201,1,01,urbano,7313,583,0,0
1204397922,1,01,urbano,7313,583,1,0
1204398302,1,01,urbano,7313,444,0,0
1204398716,1,01,urbano,7313,444,0,0
1204399022,1,01,urbano,7611,576,0,0
1204399817,1,01,urbano,9713,576,0,0
1204400023,1,01,urbano,2172,326,0,0
1204400507,1,01,urbano,5212,326,0,0
1204401407,1,01,urbano,2172,450,0,0
1204402510,1,01,urbano,2172,466,0,0
1204405716,1,01,urbano,2271,505,0,0
1204405919,1,01,urbano,2544,505,0,0
1204406201,1,01,urbano,7313,335,0,0
1204406202,1,01,urbano,7313,335,0,0
1204406203,1,01,urbano,7313,335,1,1
1204406205,1,01,urbano,7313,335,0,0
1204406206,1,01,urbano,7313,335,1,1
1204406507,1,01,urbano,7332,335,0,0
1204406510,1,01,urbano,7313,335,0,0
1204406512,1,01,urbano,7313,335,0,0
1204406715,1,01,urbano,7313,335,0,0
1204406716,1,01,urbano,7999,335,0,0
1204406718,1,01,urbano,7313,335,0,0
1204406919,1,01,urbano,7313,335,1,1
1204406924,1,01,urbano,7313,335,0,0
1204408206,1,01,urbano,7313,714,0,0
1204408407,1,01,urbano,7313,714,0,0
1204408616,1,01,urbano,7313,714,0,0
1204409020,1,01,urbano,7313,613,0,0
1204410019,1,01,urbano,7313,402,0,0
1204410020,1,01,urbano,7313,402,1,1
1204410023,1,01,urbano,7313,402,1,1
1204410401,1,01,urbano,7313,402,1,0
1204410404,1,01,urbano,7313,402,0,0
1204410610,1,01,urbano,7313,402,1,0
1204410611,1,01,urbano,7313,402,0,0
1204410612,1,01,urbano,7313,402,0,0
1204410817,1,01,urbano,7313,402,0,0
1204410818,1,01,urbano,7313,402,0,0
1204412301,1,01,urbano,7313,456,1,1
1204412507,1,01,urbano,7343,456,0,0
1204412512,1,01,urbano,7343,456,0,0
1204412715,1,01,urbano,7343,456,1,0
1204412717,1,01,urbano,7343,456,1,1
1204412919,1,01,urbano,2173,456,1,0
1204412924,1,01,urbano,7332,456,0,0
1264419206,1,01,rural,7343,282,0,0
1264420305,1,01,rural,2172,330,0,0
1264423206,1,01,rural,2172,316,0,0
1264423409,1,01,rural,2173,316,0,0
1264425019,1,01,rural,7313,393,1,1
1264425023,1,01,rural,7313,393,0,0
1264426301,1,01,rural,2172,391,1,1
1264426303,1,01,rural,7313,391,0,0
1264426507,1,01,rural,7313,391,1,1
1264426509,1,01,rural,7313,391,0,0
1264426510,1,01,rural,7313,391,0,0
1264426716,1,01,rural,7313,391,0,0
1264426922,1,01,rural,3222,391,0,0
1264427618,1,01,rural,2172,333,1,1
1264429408,1,01,rural,2172,233,1,1
1264432021,1,01,rural,2172,278,0,0
1264433203,1,01,rural,2172,368,1,0
1264433922,1,01,rural,2172,368,0,0
1264433923,1,01,rural,2172,368,0,0
1264436407,1,01,rural,7313,279,0,0
1264436822,1,01,rural,7342,279,0,0
1264438407,1,01,rural,7343,293,0,0
1264447822,1,01,rural,2172,347,0,0
1264449922,1,01,rural,7332,359,0,0
1264450512,1,01,rural,7353,305,0,0
1264452019,1,01,rural,7313,247,0,0
1264452024,1,01,rural,7313,247,0,0
1264452304,1,01,rural,7313,247,1,1
1264452608,1,01,rural,7313,247,0,0
1264452612,1,01,rural,7313,247,1,1
1264452815,1,01,rural,7313,247,0,0
1264452818,1,01,rural,7313,247,0,0
1264453508,1,01,rural,2172,284,1,0
1264454813,1,01,rural,2172,413,0,0
1264455511,1,01,rural,2172,346,0,0
1264456205,1,01,rural,7223,264,0,0
1264456205,2,01,rural,7223,264,0,0
1264456511,1,01,rural,7223,264,0,0
1264463303,1,01,rural,7313,394,0,0
1264463813,1,01,rural,7313,394,0,0
1264463817,1,01,rural,7313,394,0,0
1264463818,1,01,rural,4312,394,0,0
1264468508,1,01,rural,7611,305,0,0
1264468509,2,01,rural,7611,305,1,0
1264468510,1,01,rural,7611,305,0,0
1264468510,2,01,rural,7611,305,0,0
1264468511,1,01,rural,7611,305,0,0
1264468713,1,01,rural,7611,305,0,0
1264468921,1,01,rural,7611,305,0,0
1264468923,1,01,rural,7611,305,1,1
1264469618,1,01,rural,7313,273,0,0
1304472718,1,01,urbano,7611,458,0,0
1304475204,1,01,urbano,2172,673,0,0
1304477603,1,01,urbano,5212,411,0,0
1304479510,1,01,urbano,2172,509,0,0
1304480714,1,01,urbano,4312,357,0,0
1304481818,1,01,urbano,7322,472,0,0
1304482023,1,01,urbano,7999,164,0,0
1304482402,1,01,urbano,7611,164,0,0
1304482403,1,01,urbano,2174,164,1,1
1304482609,1,01,urbano,7611,164,0,0
1304482610,1,01,urbano,7611,164,1,1
1304482817,1,01,urbano,7611,164,1,0
1304485718,1,01,urbano,2172,478,0,0
1304487817,1,01,urbano,7321,547,1,0
1304488019,1,01,urbano,2172,554,0,0
1304489303,1,01,urbano,5212,486,0,0
1304491504,1,01,urbano,2271,377,0,0
1304492702,1,01,urbano,2655,397,0,0
1304497406,1,01,urbano,5212,501,1,1
1304537703,1,01,urbano,2636,641,0,0
1304543906,1,01,urbano,7611,685,0,0
1304546903,1,01,urbano,2655,1031,0,0
1304558801,1,01,urbano,7343,395,0,0
1304562802,1,01,urbano,7352,411,0,0
1304564505,1,01,urbano,7322,501,0,0
1304570818,1,01,urbano,4312,420,0,0
1304572924,1,01,urbano,2271,356,0,0
1304577021,1,01,urbano,7322,464,0,0
1304580020,1,01,urbano,4312,385,0,0
1304581613,1,01,urbano,7342,397,0,0
1304586203,1,01,urbano,2162,379,0,0
1304586206,1,01,urbano,2172,379,0,0
1304604201,1,01,urbano,7342,136,0,0
1304604205,1,01,urbano,7342,136,0,0
1304604408,1,01,urbano,7342,136,0,0
1304604613,1,01,urbano,7342,136,0,0
1304604821,1,01,urbano,7342,136,0,0
1304611816,1,01,urbano,5212,296,0,0
1364614304,1,01,rural,7332,315,0,0
1364617713,1,01,rural,7343,381,0,0
1364617717,1,01,rural,2163,381,0,0
1364620203,1,01,rural,7343,338,0,0
1364620206,1,01,rural,7343,338,0,0
1364624406,1,01,rural,7343,397,0,0
1364625305,1,01,rural,5212,418,0,0
1364625718,1,01,rural,1422,418,0,0
1364628923,1,01,rural,8155,329,0,0
1364630206,1,01,rural,5212,352,0,0
1364632206,1,01,rural,2172,422,0,0
1364635301,1,01,rural,5212,378,0,0
1364637203,1,01,rural,7343,361,0,0
1364637409,1,01,rural,7313,361,0,0
1364637411,1,01,rural,7313,361,0,0
1364640921,1,01,rural,3222,345,0,0
1364640921,1,01,rural,3222,345,0,0
1364642023,1,01,rural,2172,377,0,0
1364643306,1,01,rural,7343,411,0,0
1364645718,1,01,rural,2271,411,0,0
1364652023,1,01,rural,2173,352,0,0
1364654022,1,01,rural,7611,366,0,0
1364654607,1,01,rural,2161,366,1,1
1364654612,1,01,rural,2163,366,0,0
1364654813,1,01,rural,7611,366,0,0
1364655715,1,01,rural,7342,369,0,0
1404668024,1,01,urbano,7342,858,0,0
1404668402,1,01,urbano,7342,858,0,0
1404671412,1,01,urbano,7353,610,0,0
1404672203,1,01,urbano,2271,1524,0,0
1404672203,1,01,urbano,2271,1524,0,0
1404673922,1,01,urbano,2655,603,0,0
1404678505,1,01,urbano,4312,857,0,0
1404694805,1,01,urbano,2271,1295,0,0
1404702803,1,01,urbano,2271,1197,0,0
1404708905,1,01,urbano,9713,1222,0,0
1404712801,1,01,urbano,2636,1132,0,0
1404719201,1,01,urbano,2712,1188,0,0
1404719203,3,01,urbano,2271,1188,0,0
1404720906,1,01,urbano,2161,1065,0,0
1404724604,1,01,urbano,2162,1247,0,0
1404754603,1,01,urbano,7353,1802,0,0
1404761203,1,01,urbano,2161,1412,0,0
1404761205,1,01,urbano,2162,1412,0,0
1404768606,1,01,urbano,2553,1471,0,0
1404781204,1,01,urbano,2161,577,0,0
1404782301,1,01,urbano,2712,713,0,0
1404784407,1,01,urbano,7313,688,0,0
1404784921,1,01,urbano,2543,688,0,0
1414786608,1,01,urbano,4312,656,0,0
1414788205,1,01,urbano,2712,4023,0,0
1414795902,1,01,urbano,2271,1194,0,0
1414802505,1,01,urbano,1322,1436,0,0
1414804205,1,01,urbano,7321,2650,0,0
1414806605,1,01,urbano,7201,2285,0,0
1414810602,1,01,urbano,2271,1677,0,0
1414813601,1,01,urbano,2271,1063,0,0
1414816606,1,01,urbano,2172,1901,1,1
1414823801,1,01,urbano,7223,1184,0,0
1414837406,1,01,urbano,2271,1401,0,0
1414843504,1,01,urbano,7353,1202,0,0
1414848405,1,01,urbano,2172,1001,0,0
1414850204,1,01,urbano,2271,1064,0,0
1414854002,1,01,urbano,2162,1187,0,0
1414865201,1,01,urbano,3222,1331,0,0
1414866901,1,01,urbano,5212,1125,0,0
1414872006,1,01,urbano,2544,941,0,0
1414874206,1,01,urbano,4312,1685,0,0
1414875401,1,01,urbano,5212,877,0,0
1414875401,1,01,urbano,5212,877,0,0
1414876606,1,01,urbano,7353,1015,0,0
1414885202,1,01,urbano,2541,1086,0,0
1414886501,1,01,urbano,7223,704,0,0
1414886506,1,01,urbano,2172,704,0,0
1414889404,1,01,urbano,7321,1183,0,0
1414893901,1,01,urbano,2271,4419,0,0
1414915902,1,01,urbano,2271,1368,0,0
1414916001,1,01,urbano,2271,1321,0,0
1414917306,1,01,urbano,2271,1398,0,0
1414920702,1,01,urbano,2271,1400,0,0
1414922201,1,01,urbano,2271,1421,0,0
1414944501,1,01,urbano,5212,1189,0,0
1414948401,2,01,urbano,2655,1271,0,0
1414948401,2,01,urbano,2655,1271,0,0
1414948402,1,01,urbano,2271,1271,0,0
1414950803,1,01,urbano,7353,1246,1,0
1414953304,1,01,urbano,7301,1272,0,0
1414964205,1,01,urbano,2271,1401,0,0
1414965406,1,01,urbano,2655,1204,0,0
1414970501,1,01,urbano,2172,2749,0,0
1414970504,1,01,urbano,2173,2749,0,0
1414973004,1,01,urbano,2271,1299,0,0
1414977923,1,01,urbano,7322,772,0,0
1464989202,1,01,rural,7332,375,0,0
1464989203,1,01,rural,2172,375,0,0
1464993019,1,01,rural,7353,449,0,0
1464994303,1,01,rural,5212,404,0,0
1464999303,2,01,rural,7999,801,0,0
1465007717,1,01,rural,4312,305,0,0
1465013920,1,01,rural,1322,312,0,0
1505022003,1,01,urbano,2543,2476,0,0
1505032904,1,01,urbano,2271,1986,0,0
1505041505,1,01,urbano,2271,4926,0,0
1505043606,1,01,urbano,2172,1946,0,0
1505074302,1,01,urbano,4312,2153,0,0
1505078701,1,01,urbano,2271,2130,0,0
1505082005,1,01,urbano,1722,2042,0,0
1505083005,1,01,urbano,7322,2000,0,0
1505088204,1,01,urbano,2541,2350,0,0
1505099606,1,01,urbano,2636,1891,0,0
1505108703,1,01,urbano,2271,2024,0,0
1505121902,1,01,urbano,7999,2044,0,0
1515142801,1,01,urbano,2552,2185,0,0
1515142803,1,01,urbano,7322,2185,1,0
1515145202,1,01,urbano,7332,1949,0,0
1515167904,1,01,urbano,7999,1972,0,0
1515173903,1,01,urbano,7332,2251,1,1
1515198803,1,01,urbano,9713,2063,0,0
1515199004,1,01,urbano,7332,1678,0,0
1515201001,1,01,urbano,2271,1460,0,0
1515201003,1,01,urbano,7999,1460,0,0
1515204302,1,01,urbano,2271,1783,0,0
1515204303,1,01,urbano,7332,1783,0,0
1525218606,1,01,urbano,2271,2662,0,0
1525219806,1,01,urbano,2271,2663,0,0
1525226805,1,01,urbano,2271,5499,0,0
1525239401,1,01,urbano,7301,1776,0,0
1525258404,1,01,urbano,2636,1784,0,0
1525260201,1,01,urbano,2271,404,0,0
1525260203,1,01,urbano,2162,404,0,0
1525276802,1,01,urbano,9713,1581,0,0
1525278905,1,01,urbano,2543,1777,0,0
1535291804,1,01,urbano,2271,1860,0,0
1535305404,1,01,urbano,5212,2234,1,1
1535312502,1,01,urbano,2271,2485,0,0
1535324204,1,01,urbano,2655,1956,0,0
1535325203,1,01,urbano,2172,2990,0,0
1535339301,1,01,urbano,2271,1989,0,0
1535345402,1,01,urbano,2271,1782,0,0
1535351506,1,01,urbano,7322,1923,0,0
1535358404,1,01,urbano,2152,2149,0,0
1535358405,1,01,urbano,9713,2149,0,0
1535364806,1,01,urbano,5212,1567,0,0
1535368604,1,01,urbano,7322,1929,0,0
1565372302,1,01,rural,2173,362,1,1
1565373303,1,01,rural,7611,312,0,0
1565379301,1,01,rural,4312,376,0,0
1565381507,1,01,rural,2271,370,0,0
1565382024,1,01,rural,7343,290,0,0
1565382403,1,01,rural,7332,290,0,0
1565382406,1,01,rural,7343,290,0,0
1565386023,1,01,rural,2173,316,0,0
1565386608,1,01,rural,2271,316,0,0
1565393819,1,01,rural,9713,387,1,1
1565399613,1,01,rural,2172,380,1,1
1565404507,1,01,rural,7343,366,0,0
1565404923,1,01,rural,7343,366,1,0
1565407306,1,01,rural,2712,309,0,0
1565408611,1,01,rural,4312,217,0,0
1565409410,1,01,rural,3222,644,1,1
1565411511,1,01,rural,4312,415,0,0
1565414202,1,01,rural,9713,427,0,0
1565415305,1,01,rural,1422,427,0,0
1565418511,1,01,rural,4312,299,0,0
1565420022,1,01,rural,7353,404,0,0
1565424409,1,01,rural,7343,286,0,0
1565424922,1,01,rural,7343,286,0,0
1565430919,1,01,rural,7332,259,0,0
1565431206,1,01,rural,7332,390,1,0
1565431613,1,01,rural,7332,390,1,0
1565431616,1,01,rural,7332,390,0,0
1565431924,2,01,rural,2172,390,0,0
1565440924,2,01,rural,2553,505,0,0
1605445302,1,01,urbano,7353,602,0,0
1605453610,1,01,urbano,5212,680,0,0
1605453612,1,01,urbano,2712,680,0,0
1605456921,1,01,urbano,2271,799,0,0
1605458306,1,01,urbano,2172,644,0,0
1605462706,1,01,urbano,7321,748,0,0
1605463905,1,01,urbano,5212,762,0,0
1605476706,1,01,urbano,4312,738,0,0
1605478001,1,01,urbano,1322,746,0,0
1605478006,1,01,urbano,5212,746,0,0
1605507903,1,01,urbano,2131,579,0,0
1605509205,1,01,urbano,7342,763,0,0
1605515806,1,01,urbano,2151,723,0,0
1605524505,1,01,urbano,2552,794,0,0
1605535505,1,01,urbano,4312,888,0,0
1605538511,1,01,urbano,7343,614,0,0
1605539206,1,01,urbano,2172,554,1,1
1605541202,1,01,urbano,2162,562,0,0
1605542607,1,01,urbano,2271,944,0,0
1605543923,1,01,urbano,9713,773,1,0
1605544024,1,01,urbano,7342,749,0,0
1605545023,1,01,urbano,2173,729,0,0
1605545024,1,01,urbano,7353,729,0,0
1605545507,1,01,urbano,7353,729,0,0
1605547305,1,01,urbano,1422,474,0,0
1605547716,1,01,urbano,3222,474,0,0
1605550202,1,01,urbano,7342,694,1,1
1605553404,1,01,urbano,7322,694,1,1
1605574406,1,01,urbano,2271,658,0,0
1605576203,1,01,urbano,2543,757,0,0
1605586203,1,01,urbano,7342,845,0,0
1605587617,1,01,urbano,1721,816,0,0
1605588201,1,01,urbano,7201,619,0,0
1615594205,1,01,urbano,5212,465,0,0
1615600603,1,01,urbano,7201,534,0,0
1615604504,1,01,urbano,5212,485,1,0
1615607021,1,01,urbano,2271,770,0,0
1615608302,1,01,urbano,2544,715,0,0
1665616021,1,01,rural,9713,518,0,0
1665616813,1,01,rural,2544,518,1,0
1665617921,1,01,rural,5212,608,1,0
1665622613,1,01,rural,5212,564,0,0
1665624305,1,01,rural,2172,537,1,1
1665624511,1,01,rural,7343,537,1,1
1665626412,1,01,rural,2161,759,0,0
1665628201,1,01,rural,7342,742,1,0
1665633304,2,01,rural,7322,537,0,0
1665635817,1,01,rural,7999,738,0,0
1665636206,1,01,rural,2172,585,0,0
1665636410,1,01,rural,7353,585,0,0
1665638718,3,01,rural,7611,493,0,0
1665640923,1,01,rural,2172,516,0,0
1705643701,1,01,urbano,2712,841,0,0
1705647603,1,01,urbano,2151,115,0,0
1705657905,1,01,urbano,5212,486,1,1
1705662202,1,01,urbano,4312,234,0,0
1705666203,1,01,urbano,5212,307,0,0
1705671804,1,01,urbano,7322,287,0,0
1705679702,1,01,urbano,7343,243,0,0
1705687702,1,01,urbano,2271,312,0,0
1705718305,1,01,urbano,4312,182,0,0
1705724504,1,01,urbano,2271,335,0,0
1705726703,1,01,urbano,2552,290,0,0
1705762506,1,01,urbano,2543,282,0,0
1705776502,1,01,urbano,7611,321,0,0
1705785006,1,01,urbano,2152,368,0,0
1705792202,1,01,urbano,2271,295,1,0
1705818302,1,01,urbano,2271,246,0,0
1705849004,1,01,urbano,2172,303,1,0
1705852703,1,01,urbano,2173,277,0,0
1705853905,1,01,urbano,7611,364,0,0
1705857604,1,01,urbano,7611,278,0,0
1705861503,1,01,urbano,9713,298,0,0
1705865701,1,01,urbano,2173,166,0,0
1705865705,1,01,urbano,7352,166,0,0
1705869512,1,01,urbano,2712,164,0,0
1705892801,1,01,urbano,2161,474,1,0
1705894004,1,01,urbano,7343,487,0,0
1705905302,1,01,urbano,4312,971,0,0
1705912604,1,01,urbano,8144,288,0,0
1765918404,1,01,rural,7342,116,0,0
1765919412,1,01,rural,2712,106,0,0
1765922302,1,01,rural,2271,122,0,0
1765924019,1,01,rural,2152,115,0,0
1765926406,1,01,rural,2163,88,0,0
1765932301,1,01,rural,2544,97,0,0
1765934616,1,01,rural,7343,114,0,0
1765939924,1,01,rural,3222,88,0,0
1765943024,1,01,rural,2173,90,0,0
1765944713,1,01,rural,2162,92,0,0
1765947411,1,01,rural,2271,89,0,0
1765947412,1,01,rural,9713,89,0,0
1765948304,1,01,rural,2712,99,0,0
1765950019,1,01,rural,2172,81,0,0
1805953022,1,01,urbano,2172,192,0,0
1805953022,1,01,urbano,2636,192,0,0
1805955205,1,01,urbano,5212,225,0,0
1805955922,1,01,urbano,2172,225,0,0
1805956305,1,01,urbano,5212,219,1,0
1805956817,1,01,urbano,2172,219,0,0
1805957715,1,01,urbano,2172,167,0,0
1805957920,1,01,urbano,2172,167,0,0
1805959821,1,01,urbano,7353,200,0,0
1805960823,1,01,urbano,2172,203,0,0
1805972403,1,01,urbano,2271,182,1,1
1805973501,1,01,urbano,2162,205,0,0
1805977612,1,01,urbano,2552,99,0,0
1805978301,1,01,urbano,2172,150,0,0
1805979023,1,01,urbano,2172,196,0,0
1805981303,1,01,urbano,2172,198,1,0
1805982402,1,01,urbano,2544,255,0,0
1805982611,1,01,urbano,4312,255,0,0
1805984508,1,01,urbano,7321,226,0,0
1805985713,1,01,urbano,5212,199,0,0
1805985713,1,01,urbano,5212,199,0,0
1806004901,1,01,urbano,2271,197,0,0
1806007403,1,01,urbano,7342,206,0,0
1806015301,1,01,urbano,5212,220,0,0
1806018502,1,01,urbano,2172,202,0,0
1806020702,1,01,urbano,2172,210,0,0
1806030003,1,01,urbano,5212,252,0,0
1806034202,1,01,urbano,2271,177,0,0
1806044005,1,01,urbano,5212,184,0,0
1806066706,1,01,urbano,2655,162,0,0
1806068904,1,01,urbano,7353,207,1,0
1806075004,1,01,urbano,7999,198,0,0
1806079602,1,01,urbano,2271,190,0,0
1806079604,1,01,urbano,2271,190,0,0
1806101406,1,01,urbano,1722,184,0,0
1806104202,1,01,urbano,5212,221,0,0
1806111804,1,01,urbano,7223,211,0,0
1806112021,1,01,urbano,4312,208,0,0
1806112402,1,01,urbano,5212,208,0,0
1806112609,1,01,urbano,2172,208,0,0
1806112611,1,01,urbano,2552,208,0,0
1806113713,1,01,urbano,4312,199,0,0
1806115205,1,01,urbano,3222,196,0,0
1806115822,1,01,urbano,2271,196,0,0
1806116023,1,01,urbano,2271,210,0,0
1806116402,1,01,urbano,2162,210,0,0
1806116402,1,01,urbano,2162,210,0,0
1806117305,1,01,urbano,2552,161,0,0
1806117715,1,01,urbano,1422,161,0,0
1806119507,1,01,urbano,2271,188,0,0
1806121021,1,01,urbano,2173,261,0,0
1806122924,1,01,urbano,3222,168,0,0
1806123202,1,01,urbano,2271,184,0,0
1806123410,1,01,urbano,2172,184,0,0
1866126202,1,01,rural,2544,140,0,0
1866131022,1,01,rural,2172,154,0,0
1866131813,1,01,rural,2172,154,0,0
1866133919,1,01,rural,2551,145,0,0
1866141818,1,01,rural,2172,145,0,0
1866142206,1,01,rural,2172,178,0,0
1866142407,1,01,rural,2172,178,0,0
1866142820,1,01,rural,2172,178,0,0
1866143921,1,01,rural,2172,158,0,0
1866145716,1,01,rural,2172,139,0,0
1866147509,1,01,rural,4312,139,0,0
1866148201,1,01,rural,4312,145,0,0
1866151815,1,01,rural,2172,150,0,0
1906161504,1,01,urbano,2543,772,0,0
1906166202,1,01,urbano,2712,817,0,0
1906170503,1,01,urbano,2271,954,0,0
1906171702,1,01,urbano,2162,1022,0,0
1906184901,1,01,urbano,2271,961,0,0
1906193801,1,01,urbano,2271,777,0,0
1906201906,1,01,urbano,2271,775,0,0
1906202704,1,01,urbano,2271,1029,0,0
1906202706,1,01,urbano,2271,1029,0,0
1906205616,1,01,urbano,2172,976,0,0
1906211003,1,01,urbano,9713,872,0,0
1906213502,1,01,urbano,4312,896,1,1
1906231004,1,01,urbano,2271,971,0,0
1906262304,1,01,urbano,2636,723,0,0
1906278604,1,01,urbano,7999,641,0,0
1906286405,1,01,urbano,2271,1197,0,0
1906287305,1,01,urbano,2625,807,0,0
1906294006,1,01,urbano,2162,885,0,0
1906299704,1,01,urbano,2271,984,0,0
1906318606,1,01,urbano,2271,848,0,0
1906323401,1,01,urbano,4312,834,0,0
1906323404,1,01,urbano,7601,834,0,0
1906323406,1,01,urbano,4312,834,0,0
1906349504,1,01,urbano,2172,743,1,1
1906372605,1,01,urbano,2655,847,1,0
1906379002,1,01,urbano,2271,764,0,0
1906388003,1,01,urbano,2552,729,0,0
1906394704,1,01,urbano,7201,1524,0,0
1906405206,1,01,urbano,2544,778,0,0
1906409804,1,01,urbano,2271,787,0,0
1906415902,1,01,urbano,7322,783,0,0
1906420501,1,01,urbano,2271,870,0,0
1906424904,1,01,urbano,7322,670,0,0
1906426205,1,01,urbano,7999,779,0,0
1906434601,1,01,urbano,1421,800,0,0
1906439502,1,01,urbano,2271,904,0,0
1906446406,1,01,urbano,2162,903,0,0
1906447605,1,01,urbano,2271,960,0,0
1916456503,1,01,urbano,2271,951,0,0
1916457705,1,01,urbano,2544,881,0,0
1916457706,1,01,urbano,2271,881,0,0
1916458204,1,01,urbano,4312,723,0,0
1916458206,1,01,urbano,2171,723,0,0
1916460205,1,01,urbano,2271,737,0,0
1916468504,1,01,urbano,2271,905,0,0
1916472705,1,01,urbano,1322,979,0,0
1916482904,1,01,urbano,5212,896,1,0
1916493305,1,01,urbano,2552,1241,0,0
1916497824,1,01,urbano,2544,530,0,0
1916499901,1,01,urbano,1422,813,0,0
1916501401,1,01,urbano,2655,934,0,0
1916510701,1,01,urbano,2271,900,0,0
1916515405,1,01,urbano,2271,912,0,0
1916520803,1,01,urbano,2543,921,0,0
1916529702,1,01,urbano,2271,587,0,0
1916535603,1,01,urbano,7223,758,0,0
1916539803,1,01,urbano,2271,1001,0,0
1916545503,1,01,urbano,4312,736,0,0
1916550301,1,01,urbano,2271,1012,0,0
1916559305,1,01,urbano,2172,898,0,0
1966566511,1,01,rural,2544,41,0,0
1966574716,1,01,rural,4312,42,0,0
1966603204,1,01,rural,7353,45,0,0
1966614821,1,01,rural,1421,44,0,0
1966624020,1,01,rural,7301,40,1,1
1966639202,1,01,rural,4312,45,0,0
1966641511,1,01,rural,2172,34,1,0
2006642305,1,01,urbano,2271,749,0,0
2006642306,1,01,urbano,7343,749,0,0
2006646401,1,01,urbano,4312,652,0,0
2006646609,1,01,urbano,7999,652,0,0
2006646815,1,01,urbano,2172,652,0,0
2006648022,1,01,urbano,7322,632,0,0
2006652923,1,01,urbano,2172,478,0,0
2006654703,1,01,urbano,2543,630,0,0
2006662201,1,01,urbano,2172,627,0,0
2006662204,1,01,urbano,2131,627,0,0
2006662206,1,01,urbano,2172,627,0,0
2006677503,1,01,urbano,2172,588,0,0
2006679304,1,01,urbano,2625,559,1,0
2006680206,1,01,urbano,7343,693,0,0
2006681205,1,01,urbano,5212,552,0,0
2006690802,1,01,urbano,7321,371,1,0
2006704603,1,01,urbano,7343,456,0,0
2006708512,1,01,urbano,7332,536,0,0
2006708718,1,01,urbano,7332,536,1,1
2006717021,1,01,urbano,3222,534,0,0
2006717404,1,01,urbano,3222,534,0,0
2006721022,1,01,urbano,7343,617,0,0
2006721305,1,01,urbano,7611,617,0,0
2006738001,1,01,urbano,7611,412,0,0
2006738005,1,01,urbano,7611,412,0,0
2006745408,1,01,urbano,7321,745,0,0
2006745613,1,01,urbano,2655,745,0,0
2006750604,1,01,urbano,2172,781,0,0
2006752201,1,01,urbano,7223,357,1,0
2006752824,1,01,urbano,2544,357,1,0
2066758206,1,01,rural,2544,394,0,0
2066758921,1,01,rural,2271,394,0,0
2066759410,1,01,rural,7343,303,1,1
2066759923,2,01,rural,7343,303,1,0
2066759924,1,01,rural,7343,303,0,0
2066765921,1,01,rural,7313,302,0,0
2066765922,1,01,rural,7313,302,0,0
2066766616,1,01,rural,2172,417,0,0
2066768407,1,01,rural,7343,345,0,0
2066768408,1,01,rural,7343,345,0,0
2066768410,1,01,rural,7343,345,1,0
2066768919,1,01,rural,7343,345,0,0
2066768924,1,01,rural,7343,345,0,0
2066777019,1,01,rural,2172,271,0,0
2066779616,1,01,rural,2173,403,0,0
2066781306,1,01,rural,4312,171,0,0
2066781306,1,01,rural,2172,171,0,0
2066783718,1,01,rural,1421,356,0,0
2066784814,1,01,rural,2172,345,0,0
2066785202,1,01,rural,4312,389,0,0
2066785205,1,01,rural,7332,389,0,0
2066785511,1,01,rural,7332,389,0,0
2066785919,1,01,rural,7332,389,0,0
2066785924,1,01,rural,7332,389,0,0
2066786404,1,01,rural,7313,350,0,0
2066786814,1,01,rural,7313,350,0,0
2066788508,1,01,rural,2172,307,0,0
2066788511,1,01,rural,7343,307,0,0
2066790024,1,01,rural,7343,329,1,1
2066792019,1,01,rural,3222,327,0,0
2066796609,1,01,rural,7223,360,0,0
2066799410,1,01,rural,2544,338,0,0
2066801206,1,01,rural,7313,370,0,0
2066801614,1,01,rural,7313,370,1,1
2066805508,1,01,rural,7353,359,0,0
2066806206,1,01,rural,7342,394,1,0
2066810607,1,01,rural,7342,333,0,0
2066813607,1,01,rural,2144,415,0,0
2066813610,1,01,rural,1721,415,0,0
2066816023,1,01,rural,7332,385,1,0
2066818924,1,01,rural,2172,348,0,0
2066821607,1,01,rural,7343,357,1,1
2066821814,1,01,rural,7611,357,1,0
2066822303,1,01,rural,7313,351,0,0
2066822306,1,01,rural,7313,351,1,0
2066822509,1,01,rural,7313,351,0,0
2066822713,1,01,rural,7313,351,0,0
2066822919,1,01,rural,7313,351,0,0
2066822923,1,01,rural,7313,351,0,0
2106849024,1,01,urbano,7999,741,0,0
2106849303,1,01,urbano,5212,741,0,0
2106850021,1,01,urbano,2162,912,0,0
2106851511,1,01,urbano,4312,830,0,0
2106853021,1,01,urbano,2172,1286,0,0
2106856022,1,01,urbano,7353,1017,0,0
2106861906,1,01,urbano,2172,962,0,0
2106864804,1,01,urbano,2655,1198,0,0
2106865206,1,01,urbano,7342,907,1,1
2106867903,1,01,urbano,2271,758,1,0
2106883803,1,01,urbano,2655,716,0,0
2106887001,1,01,urbano,2544,753,0,0
2106904604,1,01,urbano,2552,768,0,0
2106904606,1,01,urbano,2271,768,0,0
2106908703,1,01,urbano,2271,921,0,0
2106918303,1,01,urbano,2271,933,0,0
2106919304,1,01,urbano,2271,675,0,0
2106924006,1,01,urbano,2151,500,0,0
2106934206,1,01,urbano,2552,879,0,0
2106939504,1,01,urbano,2172,1170,0,0
2106946306,1,01,urbano,1721,719,0,0
2106958903,1,01,urbano,1422,865,0,0
2106959505,1,01,urbano,2162,897,0,0
2106959506,1,01,urbano,9713,897,0,0
2106961201,2,01,urbano,2271,797,0,0
2106965704,1,01,urbano,1421,953,0,0
2106997806,1,01,urbano,2162,1184,0,0
2107003511,1,01,urbano,7342,701,0,0
2117007503,1,01,urbano,2544,871,0,0
2117007505,1,01,urbano,2271,871,0,0
2117026804,1,01,urbano,7301,1180,0,0
2117027404,1,01,urbano,2271,792,0,0
2117031001,1,01,urbano,1421,959,0,0
2117035202,1,01,urbano,7342,952,0,0
2117035205,1,01,urbano,2161,952,0,0
2117035509,1,01,urbano,2655,952,0,0
2117035714,1,01,urbano,2655,952,0,0
2117035922,1,01,urbano,2655,952,0,0
2117038304,1,01,urbano,7332,972,0,0
2117046303,1,01,urbano,2542,1221,0,0
2167047020,1,01,rural,2172,915,0,0
2167050302,1,01,rural,7611,1032,1,0
2167050714,1,01,rural,7611,1032,1,0
2167053920,1,01,rural,2552,844,0,0
2167053921,1,01,rural,1421,844,0,0
2167054717,1,01,rural,7332,851,1,1
2167055612,1,01,rural,4312,788,0,0
2167059019,1,01,rural,2172,754,0,0
2167060920,1,01,rural,2172,746,0,0
2167066202,1,01,rural,2172,773,0,0
2167066205,1,01,rural,2172,773,0,0
2167066411,1,01,rural,2172,773,0,0
2167066920,1,01,rural,2172,773,0,0
2167074819,1,01,rural,8144,778,0,0
2207078905,1,01,urbano,1422,240,0,0
2207079203,1,01,urbano,2271,285,0,0
2207091503,1,01,urbano,9713,272,1,1
2207096804,1,01,urbano,2271,387,0,0
2207106703,1,01,urbano,2552,459,0,0
2207108202,1,01,urbano,7301,441,0,0
2207114502,1,01,urbano,2655,420,0,0
2207117201,1,01,urbano,2271,278,0,0
2207132805,1,01,urbano,7999,307,0,0
2207134202,1,01,urbano,2271,605,0,0
2207135005,1,01,urbano,2271,329,0,0
2207136702,1,01,urbano,7313,87,1,0
2207136705,1,01,urbano,7342,87,0,0
2207138403,1,01,urbano,2162,194,0,0
2207149617,2,01,urbano,5212,292,0,0
2207151024,1,01,urbano,2163,350,0,0
2207155203,1,01,urbano,5212,350,0,0
2207159601,1,01,urbano,2636,412,0,0
2207164901,1,01,urbano,2271,642,0,0
2207166404,1,01,urbano,2161,309,0,0
2207185606,1,01,urbano,2542,325,0,0
2207187003,1,01,urbano,1322,408,0,0
2207192002,1,01,urbano,7353,333,0,0
2207192003,1,01,urbano,2163,333,0,0
2207199906,1,01,urbano,2552,322,0,0
2207204602,1,01,urbano,2544,391,0,0
2207219603,1,01,urbano,1421,478,0,0
2207227303,1,01,urbano,2271,420,0,0
2207240701,1,01,urbano,2271,547,0,0
2207241905,2,01,urbano,2162,349,1,0
2207241905,2,01,urbano,2162,349,1,0
2207246403,1,01,urbano,2542,386,0,0
2207250502,1,01,urbano,2542,710,0,0
2207251605,1,01,urbano,2271,871,0,0
2207254001,1,01,urbano,2271,928,0,0
2207262702,1,01,urbano,7999,335,0,0
2207263005,1,01,urbano,7321,377,0,0
2207264906,1,01,urbano,2655,268,0,0
2207268605,1,01,urbano,2162,337,0,0
2207274902,1,01,urbano,5212,409,0,0
2207282503,1,01,urbano,2655,295,0,0
2207288901,1,01,urbano,2271,314,0,0
2207294405,1,01,urbano,7322,266,0,0
2207295706,1,01,urbano,2271,373,0,0
2207303802,3,01,urbano,7343,360,0,0
2207316606,1,01,urbano,2271,467,0,0
2207318705,1,01,urbano,2271,204,0,0
2207326301,1,01,urbano,2271,412,0,0
2207326306,1,01,urbano,5212,412,0,0
2207327502,1,01,urbano,1722,467,0,0
2207327502,2,01,urbano,2553,467,0,0
2207330806,1,01,urbano,2655,310,0,0
2207337901,1,01,urbano,7401,233,0,0
2207337903,1,01,urbano,1322,233,0,0
2207338806,1,01,urbano,2271,390,0,0
2207341905,1,01,urbano,2271,332,0,0
2207360919,1,01,urbano,7313,296,0,0
2207385301,1,01,urbano,7601,310,0,0
2267392020,1,01,rural,7343,52,0,0
2267392306,1,01,rural,7332,52,0,0
2267393201,1,01,rural,7332,55,0,0
2267393614,1,01,rural,7343,55,1,1
2267393923,1,01,rural,7343,55,1,1
2267397303,1,01,rural,4312,76,0,0
2267400919,1,01,rural,7343,56,1,1
2267401024,1,01,rural,7342,73,0,0
2267406409,1,01,rural,5212,82,0,0
2267411022,1,01,rural,7313,89,1,1
2267417921,1,01,rural,2552,62,0,0
2267418205,1,01,rural,7401,58,0,0
2267423608,1,01,rural,2172,67,0,0
2267424020,1,01,rural,7999,64,0,0
2267424815,1,01,rural,9713,64,0,0
2267428715,1,01,rural,7601,114,0,0
2267437813,1,01,rural,2161,77,1,0
2267443407,1,01,rural,2173,144,1,1
2267443408,1,01,rural,7342,144,1,1
2267444205,1,01,rural,7322,104,0,0
2267445607,1,01,rural,1722,74,0,0
2267450509,2,01,rural,2172,74,0,0
2267451205,1,01,rural,2172,71,0,0
2267458713,1,01,rural,7332,76,0,0
2267459204,1,01,rural,7332,63,1,1
2267460020,1,01,rural,9713,59,0,0
2267461616,1,01,rural,2271,66,0,0
2267477813,1,01,rural,2172,68,0,0
2267478508,1,01,rural,7313,69,0,0
2307482507,1,01,urbano,3222,271,0,0
2307483206,1,01,urbano,1322,165,0,0
2307483716,1,01,urbano,3222,165,0,0
2307484201,1,01,urbano,2173,194,0,0
2307485814,1,01,urbano,7999,185,0,0
2307486508,1,01,urbano,3222,226,0,0
2307490202,1,01,urbano,7614,459,0,0
2307547305,1,01,urbano,5212,286,0,0
2307556604,1,01,urbano,1722,251,0,0
2307556605,1,01,urbano,7322,251,0,0
2307570804,1,01,urbano,2151,280,0,0
2307582803,1,01,urbano,3222,274,0,0
2307589203,1,01,urbano,3222,166,0,0
2307598804,1,01,urbano,2271,169,1,0
2307610801,1,01,urbano,5212,313,0,0
2307614803,1,01,urbano,1422,281,0,0
2307614805,1,01,urbano,2162,281,0,0
2307619706,1,01,urbano,2162,280,0,0
2307620305,1,01,urbano,7999,347,0,0
2307635805,1,01,urbano,8144,263,1,0
2307636201,1,01,urbano,2625,363,1,0
2307637603,1,01,urbano,2173,402,0,0
2307643806,1,01,urbano,5212,318,0,0
2307669701,1,01,urbano,5212,255,0,0
2307673201,1,01,urbano,7201,254,0,0
2307692805,1,01,urbano,2174,217,1,1
2307695402,1,01,urbano,2173,279,1,0
2307695406,1,01,urbano,2271,279,0,0
2307703703,1,01,urbano,2552,272,1,0
2307707505,1,01,urbano,5212,308,1,0
2307709701,1,01,urbano,4312,384,0,0
2307720203,1,01,urbano,2173,279,0,0
2307737701,1,01,urbano,2655,318,0,0
2307738506,1,01,urbano,2172,255,0,0
2307742302,1,01,urbano,2552,281,0,0
2307748604,1,01,urbano,2625,115,0,0
2307750003,1,01,urbano,3222,226,0,0
2307754703,1,01,urbano,2174,393,0,0
2307756303,1,01,urbano,2174,338,0,0
2307758206,1,01,urbano,2172,186,0,0
2307771201,1,01,urbano,2271,304,0,0
2307778502,1,01,urbano,2174,270,0,0
2307782206,1,01,urbano,2543,284,0,0
2307783402,1,01,urbano,2271,279,0,0
2307796005,1,01,urbano,1722,193,0,0
2307799411,1,01,urbano,2164,364,0,0
2307801801,1,01,urbano,3222,274,0,0
2307809301,1,01,urbano,4312,307,0,0
2307811201,1,01,urbano,4312,148,0,0
2367828618,1,01,rural,3222,101,0,0
2367829302,1,01,rural,7332,112,0,0
2367839024,1,01,rural,1722,145,1,0
2367839303,1,01,rural,3222,145,0,0
2407848819,1,01,urbano,9713,416,0,0
2407870704,1,01,urbano,7999,421,1,0
2407871201,1,01,urbano,9713,303,0,0
2407871206,1,01,urbano,2172,303,0,0
2407871409,1,01,urbano,2172,303,1,0
2407871410,1,01,urbano,7353,303,0,0
2407874204,1,01,urbano,2172,441,0,0
2407894302,1,01,urbano,2551,443,0,0
2407909806,1,01,urbano,1421,460,0,0
2407917406,1,01,urbano,4312,373,0,0
2407918903,1,01,urbano,2271,512,0,0
2407936601,1,01,urbano,2625,359,0,0
2407937801,1,01,urbano,2172,351,0,0
2407938902,1,01,urbano,7332,975,0,0
2407939302,1,01,urbano,8144,406,0,0
2407946305,1,01,urbano,4312,434,0,0
2407951605,1,01,urbano,5212,452,0,0
2407975402,1,01,urbano,7322,463,0,0
2407975405,1,01,urbano,9713,463,0,0
2407981405,1,01,urbano,5212,515,0,0
2407990503,2,01,urbano,2162,414,0,0
2407993203,1,01,urbano,2271,444,0,0
2408000805,1,01,urbano,5212,376,0,0
2408004202,1,01,urbano,2271,359,0,0
2408007602,1,01,urbano,7601,455,0,0
2408007603,1,01,urbano,2271,455,0,0
2408011305,1,01,urbano,2174,422,1,0
2408012506,1,01,urbano,2655,510,1,0
2408015703,1,01,urbano,2271,482,0,0
2408020504,1,01,urbano,2162,428,0,0
2408025406,1,01,urbano,7401,439,1,0
2408037203,1,01,urbano,2173,390,0,0
2408038405,1,01,urbano,7342,463,0,0
2408046902,1,01,urbano,5212,276,0,0
2408056401,1,01,urbano,2271,499,0,0
2408056406,1,01,urbano,2152,499,0,0
2408072021,1,01,urbano,3222,226,0,0
2408073813,1,01,urbano,7322,322,0,0
2468076304,1,01,rural,7999,274,0,0
2468085303,1,01,rural,7343,182,0,0
2468086509,1,01,rural,2172,241,0,0
2468088717,2,01,rural,7342,230,0,0
2468090203,1,01,rural,7201,223,0,0
2468090615,1,01,rural,4312,223,0,0
2468092019,1,01,rural,7313,219,1,0
2468093919,1,01,rural,5212,231,0,0
2468098814,1,01,rural,7342,246,1,0
2508135602,1,01,urbano,7343,297,0,0
2508136805,1,01,urbano,2271,273,0,0
2508142305,1,01,urbano,2162,371,0,0
2508144701,1,01,urbano,7322,264,0,0
2508152502,1,01,urbano,5212,286,0,0
2508152505,1,01,urbano,2271,286,0,0
2508154702,1,01,urbano,7332,268,1,0
2508176803,1,01,urbano,2551,262,1,0
2508190802,1,01,urbano,7321,282,0,0
2508192002,1,01,urbano,2162,256,0,0
2508213512,1,01,urbano,2172,225,0,0
2508214206,1,01,urbano,1722,243,0,0
2508223202,1,01,urbano,5212,301,0,0
2508237705,1,01,urbano,2271,290,0,0
2508238706,1,01,urbano,7322,341,0,0
2508244404,1,01,urbano,2172,274,0,0
2508254502,1,01,urbano,1722,274,0,0
2508265005,1,01,urbano,2271,332,0,0
2508267503,1,01,urbano,2271,394,0,0
2508279006,1,01,urbano,2271,263,0,0
2508280302,1,01,urbano,2271,282,0,0
2508280306,1,01,urbano,2271,282,0,0
2508281805,1,01,urbano,2271,336,0,0
2508282003,1,01,urbano,5212,340,0,0
2508285502,1,01,urbano,5212,334,1,1
2508286703,1,01,urbano,2271,272,0,0
2508286704,1,01,urbano,7223,272,0,0
2508287004,1,01,urbano,2144,267,0,0
2508287005,1,01,urbano,7322,267,0,0
2508302201,1,01,urbano,2271,285,0,0
2508331202,1,01,urbano,2172,285,0,0
2508333019,1,01,urbano,7999,231,1,0
2508346704,1,01,urbano,2162,288,0,0
2508351402,1,01,urbano,5212,360,0,0
2508369406,1,01,urbano,2172,264,0,0
2508387304,1,01,urbano,2271,334,0,0
2508400003,1,01,urbano,9713,253,0,0
2508408401,1,01,urbano,2544,311,0,0
2508413203,1,01,urbano,2271,274,0,0
2508418408,1,01,urbano,7353,197,0,0
2508419716,1,01,urbano,2652,209,0,0
2508434601,1,01,urbano,2271,412,0,0
2508444703,1,01,urbano,2543,297,0,0
2508449505,1,01,urbano,9713,253,0,0
2508462001,1,01,urbano,2172,241,0,0
2508466503,1,01,urbano,2271,282,0,0
2508478803,1,01,urbano,7401,269,0,0
2508478804,1,01,urbano,1421,269,0,0
2508486403,1,01,urbano,2172,276,0,0
2508495901,1,01,urbano,2271,246,0,0
2508515801,1,01,urbano,2174,268,1,0
2508520702,1,01,urbano,2144,247,0,0
2508528201,1,01,urbano,2172,322,0,0
2508528201,1,01,urbano,2172,322,0,0
2508528205,1,01,urbano,2271,322,0,0
2508533906,1,01,urbano,7342,227,1,1
2508534801,1,01,urbano,7322,273,0,0
2508542502,1,01,urbano,7332,330,0,0
2508546403,1,01,urbano,7223,219,0,0
2508546405,1,01,urbano,2172,219,0,0
2508546406,1,01,urbano,7223,219,0,0
2508547901,1,01,urbano,2172,266,0,0
2508548205,1,01,urbano,9713,376,0,0
2508550901,1,01,urbano,2655,305,1,0
2508552411,1,01,urbano,2172,209,0,0
2508552921,1,01,urbano,2172,209,0,0
2508554407,1,01,urbano,1422,261,0,0
2508554824,1,01,urbano,2172,261,0,0
2508559612,1,01,urbano,2271,258,0,0
2508562411,1,01,urbano,7201,211,0,0
2568568919,1,01,rural,7611,360,0,0
2568588618,1,01,rural,7313,373,1,0
2568588919,1,01,rural,7313,373,0,0
2608590718,1,01,urbano,2655,322,0,0
2608591409,1,01,urbano,5212,241,1,1
2608600502,1,01,urbano,2655,407,0,0
2608602906,1,01,urbano,5212,459,0,0
2608615805,1,01,urbano,2551,508,0,0
2608633205,1,01,urbano,1721,447,0,0
2608637202,1,01,urbano,2552,465,0,0
2608645718,1,01,urbano,5212,544,0,0
2608647717,1,01,urbano,7322,512,0,0
2608648717,1,01,urbano,7321,478,0,0
2608649511,1,01,urbano,2655,318,0,0
2608673402,1,01,urbano,7223,423,0,0
2608685301,1,01,urbano,7999,747,0,0
2608693505,1,01,urbano,1421,465,0,0
2608693505,1,01,urbano,7322,465,0,0
2608694704,1,01,urbano,2271,464,0,0
2608698304,1,01,urbano,9713,446,0,0
2608704903,1,01,urbano,7999,389,0,0
2608704904,1,01,urbano,7321,389,0,0
2608705903,1,01,urbano,1722,462,0,0
2608705905,1,01,urbano,2144,462,0,0
2608711006,1,01,urbano,2172,537,0,0
2608728201,1,01,urbano,5212,530,0,0
2608738006,1,01,urbano,7322,481,0,0
2608740302,1,01,urbano,2655,532,0,0
2608747302,1,01,urbano,7342,549,0,0
2608750703,1,01,urbano,1721,611,0,0
2608755802,1,01,urbano,2271,512,0,0
2608755803,1,01,urbano,2655,512,0,0
2608756601,1,01,urbano,5212,565,1,0
2608758304,1,01,urbano,2543,554,0,0
2608764006,1,01,urbano,2172,437,0,0
2608778304,1,01,urbano,7322,455,0,0
2608785303,1,01,urbano,2271,468,0,0
2608786404,1,01,urbano,2172,467,0,0
2608791903,1,01,urbano,2173,560,1,1
2608811206,1,01,urbano,7201,389,0,0
2608818202,1,01,urbano,5212,384,0,0
2608823404,1,01,urbano,2541,417,0,0
2608850803,1,01,urbano,2544,545,0,0
2608866715,1,01,urbano,5212,567,0,0
2668881203,2,01,rural,1422,130,0,0
2668883410,1,01,rural,7343,159,1,1
2668887508,1,01,rural,1722,122,0,0
2668893612,1,01,rural,5212,138,0,0
2708908612,1,01,urbano,2655,274,1,0
2708919402,1,01,urbano,2172,232,0,0
2708924601,1,01,urbano,7353,912,0,0
2708928301,1,01,urbano,2271,371,0,0
2708941412,1,01,urbano,2152,167,1,0
2708952303,1,01,urbano,2144,413,1,0
2708962903,1,01,urbano,2655,452,0,0
2708972504,1,01,urbano,7353,325,1,0
2708974803,1,01,urbano,2543,377,1,1
2708978401,1,01,urbano,2271,416,0,0
2708984801,1,01,urbano,7322,278,0,0
2708994703,1,01,urbano,2271,368,0,0
2708998901,1,01,urbano,7999,356,1,0
2709005714,1,01,urbano,2172,217,0,0
2709008509,1,01,urbano,2655,227,1,0
2709012920,1,01,urbano,7353,400,0,0
2709019202,1,01,urbano,2271,420,1,0
2709019716,1,01,urbano,2144,420,0,0
2709020202,2,01,urbano,7321,195,1,1
2709025408,1,01,urbano,5212,207,0,0
2709025616,1,01,urbano,5212,207,0,0
2709026512,1,01,urbano,5212,213,0,0
2709029902,1,01,urbano,2271,196,0,0
2709034306,1,01,urbano,7223,267,0,0
2709034920,1,01,urbano,7342,267,0,0
2709036617,1,01,urbano,7313,202,0,0
2709037512,1,01,urbano,2172,443,1,0
2709045602,1,01,urbano,5212,477,0,0
2709047614,1,01,urbano,2552,111,1,0
2769053816,1,01,rural,7342,404,1,1
2769062510,1,01,rural,2712,425,1,1
2769062713,1,01,rural,5212,425,0,0
2769065512,1,01,rural,7321,212,0,0
2769072510,1,01,rural,7321,253,0,0
2769089922,1,01,rural,7353,369,0,0
2769090616,1,01,rural,2172,388,0,0
2809092613,1,01,urbano,7999,540,0,0
2809126302,1,01,urbano,2543,617,0,0
2809144206,1,01,urbano,7313,404,1,1
2809145612,1,01,urbano,7352,403,0,0
2809147819,1,01,urbano,2553,604,0,0
2809148021,1,01,urbano,7353,400,1,1
2809148303,1,01,urbano,7353,400,0,0
2809151002,1,01,urbano,2172,541,0,0
2809154501,1,01,urbano,2172,573,0,0
2809182003,1,01,urbano,5212,559,0,0
2809189304,1,01,urbano,7321,567,1,1
2809224704,1,01,urbano,7342,495,0,0
2809240502,1,01,urbano,5212,504,1,1
2809270502,1,01,urbano,4312,525,0,0
2809295403,1,01,urbano,7999,558,0,0
2809296602,1,01,urbano,1722,632,0,0
2809297205,1,01,urbano,2152,522,0,0
2809327903,1,01,urbano,2544,697,0,0
2809340706,1,01,urbano,8144,498,0,0
2809345601,1,01,urbano,2271,520,0,0
2809348205,1,01,urbano,2152,587,0,0
2809368303,1,01,urbano,5212,564,0,0
2809377903,1,01,urbano,4312,458,0,0
2809379806,1,01,urbano,2172,645,0,0
2809390405,1,01,urbano,2552,475,0,0
2809402601,1,01,urbano,2655,507,0,0
2809409201,1,01,urbano,7322,520,0,0
2909460802,1,01,urbano,8155,216,0,0
2909464006,1,01,urbano,2174,173,1,0
2909469906,1,01,urbano,2162,173,0,0
2909477201,1,01,urbano,7353,208,0,0
2909478404,1,01,urbano,2144,219,0,0
2909480604,1,01,urbano,1722,215,0,0
2909481801,1,01,urbano,2172,181,0,0
2909491902,1,01,urbano,2271,166,1,0
2909499501,1,01,urbano,7322,121,0,0
2909504602,1,01,urbano,4312,206,0,0
2909515402,1,01,urbano,2655,199,0,0
2909524408,1,01,urbano,7332,247,0,0
2909534509,1,01,urbano,4312,156,0,0
2909535924,1,01,urbano,2625,153,0,0
2909538705,1,01,urbano,2172,185,0,0
2909538706,1,01,urbano,7301,185,0,0
2909541804,1,01,urbano,7332,226,0,0
2909541805,1,01,urbano,7342,226,0,0
2909544401,1,01,urbano,2271,208,0,0
2909548701,1,01,urbano,7332,103,0,0
2909554019,1,01,urbano,7301,94,1,1
2909554512,1,01,urbano,4312,94,0,0
2909561601,1,01,urbano,2655,227,0,0
2909563006,1,01,urbano,2652,166,0,0
2909565506,1,01,urbano,7353,460,0,0
2909572701,1,01,urbano,2543,194,0,0
2909572702,1,01,urbano,2271,194,0,0
2909573203,1,01,urbano,7611,261,1,1
2909582701,1,01,urbano,7301,196,0,0
2909582706,1,01,urbano,7301,196,0,0
2909584201,1,01,urbano,7611,191,0,0
2909585404,1,01,urbano,7611,227,1,0
2909589003,1,01,urbano,7611,195,0,0
2909601503,1,01,urbano,4312,217,0,0
2909615201,1,01,urbano,7321,218,1,0
2909628305,1,01,urbano,1722,189,0,0
2909636503,1,01,urbano,2652,227,1,1
2909643303,1,01,urbano,2172,232,0,0
2909650702,1,01,urbano,2625,154,0,0
2909650702,1,01,urbano,2544,154,0,0
2909652204,1,01,urbano,2152,242,0,0
2909657001,1,01,urbano,2271,202,0,0
2909659301,1,01,urbano,7223,201,0,0
2909659301,1,01,urbano,2172,201,0,0
2909665412,1,01,urbano,4312,77,0,0
2909674305,1,01,urbano,2625,212,0,0
2909674305,1,01,urbano,2172,212,0,0
2909678804,1,01,urbano,2712,233,0,0
2909679705,1,01,urbano,2271,225,0,0
2909680603,1,01,urbano,7343,241,0,0
2909681302,1,01,urbano,2543,198,0,0
2909702504,1,01,urbano,5212,268,0,0
2909705306,1,01,urbano,7342,192,0,0
2909709201,1,01,urbano,7332,188,0,0
2909713001,1,01,urbano,2162,207,0,0
2909714302,1,01,urbano,7342,189,0,0
2909715501,1,01,urbano,7332,184,1,0
2909715501,2,01,urbano,7322,184,1,0
2909716815,1,01,urbano,7343,140,1,0
2909751205,1,01,urbano,2173,159,0,0
2969754407,1,01,rural,2172,82,0,0
2969754618,1,01,rural,2172,82,0,0
2969754824,1,01,rural,2172,82,0,0
2969758302,1,01,rural,2173,95,0,0
2969764813,1,01,rural,7999,84,0,0
2969771304,1,01,rural,7343,95,0,0
2969771305,1,01,rural,7343,95,0,0
3009781903,1,01,urbano,2271,768,0,0
3009781903,1,01,urbano,2271,768,0,0
3009791507,1,01,urbano,1421,1211,0,0
3009793804,1,01,urbano,5212,1454,0,0
3009803606,1,01,urbano,2271,1359,0,0
3009817204,1,01,urbano,2655,689,0,0
3009823305,1,01,urbano,7353,1949,0,0
3009834802,1,01,urbano,2271,976,0,0
3009834803,1,01,urbano,7353,976,0,0
3009836610,1,01,urbano,2173,900,0,0
3009840702,1,01,urbano,2162,1186,0,0
3009875304,1,01,urbano,2271,1095,0,0
3009875306,1,01,urbano,2655,1095,0,0
3019880004,1,01,urbano,2271,2734,0,0
3019886409,1,01,urbano,2173,1003,0,0
3019907904,1,01,urbano,2172,1063,0,0
3019924006,1,01,urbano,2271,983,0,0
3019926303,1,01,urbano,2544,742,0,0
3019944603,1,01,urbano,5212,1195,1,1
3019945402,1,01,urbano,7301,1876,0,0
3069965021,1,01,rural,2172,491,0,0
3069975814,1,01,rural,4312,560,0,0
3069977507,1,01,rural,7353,661,0,0
3060009618,1,01,rural,4312,514,0,0
3060012508,1,01,rural,7611,633,1,1
3060013409,1,01,rural,7313,597,0,0
3060013410,1,01,rural,7321,597,0,0
3060014301,1,01,rural,7313,567,0,0
3060014609,1,01,rural,7313,567,0,0
3060015920,1,01,rural,2172,482,0,0
3060024021,1,01,rural,7313,606,0,0
3060028303,1,01,rural,7343,583,1,0
3100036201,1,01,urbano,7332,372,0,0
3100036715,1,01,urbano,7332,372,0,0
3100038614,1,01,urbano,4312,286,0,0
3100040021,1,01,urbano,1422,281,0,0
3100041508,1,01,urbano,7342,298,0,0
3100041510,1,01,urbano,7342,298,0,0
3100041923,1,01,urbano,7342,298,0,0
3100042303,1,01,urbano,2173,294,1,0
3100042713,1,01,urbano,2552,294,0,0
3100043412,1,01,urbano,7313,249,1,0
3100044301,1,01,urbano,2172,452,0,0
3100044511,1,01,urbano,2652,452,0,0
3100045022,1,01,urbano,2271,320,0,0
3100045612,1,01,urbano,7343,320,0,0
3100045818,1,01,urbano,7343,320,0,0
3100051701,1,01,urbano,1421,373,0,0
3100059504,1,01,urbano,5212,442,0,0
3100066801,1,01,urbano,7322,393,0,0
3100070804,1,01,urbano,7322,333,0,0
3100071410,1,01,urbano,7611,356,0,0
3100081506,1,01,urbano,7332,336,0,0
3100083806,1,01,urbano,3222,322,0,0
3100087501,1,01,urbano,3222,422,0,0
3100087502,1,01,urbano,2636,422,0,0
3100093405,1,01,urbano,2271,468,0,0
3100094601,1,01,urbano,1722,403,0,0
3100100504,1,01,urbano,2271,401,0,0
3100107905,1,01,urbano,2543,384,0,0
3100114002,1,01,urbano,4312,494,0,0
3100116306,1,01,urbano,5212,502,0,0
3100121204,1,01,urbano,2162,647,0,0
3100127902,1,01,urbano,2655,354,0,0
3100127903,1,01,urbano,2712,354,0,0
3100145804,1,01,urbano,7332,410,1,0
3100155705,1,01,urbano,1422,320,0,0
3100158204,1,01,urbano,2655,340,0,0
3100159503,1,01,urbano,2271,456,0,0
3100163905,1,01,urbano,2173,567,0,0
3100164201,1,01,urbano,2552,443,0,0
3100165403,1,01,urbano,2552,391,0,0
3100167403,1,01,urbano,1421,474,0,0
3100181701,1,01,urbano,2271,396,0,0
3100181706,1,01,urbano,2172,396,0,0
3100187404,1,01,urbano,7332,354,1,1
3100190904,1,01,urbano,5212,418,1,0
3100197001,1,01,urbano,1421,446,0,0
3100207004,1,01,urbano,2271,471,0,0
3100216701,1,01,urbano,5212,362,0,0
3100220820,1,01,urbano,2271,366,0,0
3100227405,1,01,urbano,2655,380,0,0
3100233201,1,01,urbano,2271,421,0,0
3100233205,1,01,urbano,2625,421,0,0
3100234903,1,01,urbano,1722,186,0,0
3100236505,1,01,urbano,7223,491,0,0
3100252504,1,01,urbano,2271,389,0,0
3100276713,1,01,urbano,3222,351,0,0
3100276713,1,01,urbano,3222,351,0,0
3100276922,1,01,urbano,2144,351,0,0
3100280901,1,01,urbano,2271,378,0,0
3100281501,1,01,urbano,4312,341,0,0
3100285507,2,01,urbano,5212,280,0,0
3100286509,1,01,urbano,7343,361,0,0
3100287611,1,01,urbano,2655,433,0,0
3100289717,1,01,urbano,2172,281,0,0
3100291718,1,01,urbano,7353,454,0,0
3100292818,1,01,urbano,2172,281,0,0
3100301403,1,01,urbano,1421,361,0,0
3100309301,1,01,urbano,7201,377,0,0
3100309306,1,01,urbano,7343,377,1,0
3100309507,1,01,urbano,7999,377,0,0
3100309813,1,01,urbano,7343,377,0,0
3100313601,1,01,urbano,2161,333,0,0
3160314403,1,01,rural,7332,78,0,0
3160314610,1,01,rural,8155,78,0,0
3160314813,1,01,rural,7332,78,0,0
3160316613,1,01,rural,7332,88,1,0
3160318023,1,01,rural,7343,74,0,0
3160318302,1,01,rural,7343,74,0,0
3160318511,1,01,rural,7332,74,0,0
3160318713,1,01,rural,7332,74,1,0
3160319411,1,01,rural,7301,77,0,0
3160322817,1,01,rural,7332,69,0,0
3160323020,1,01,rural,1422,88,0,0
3160323023,1,01,rural,1722,88,0,0
3160327305,1,01,rural,4312,70,0,0
3160327922,1,01,rural,7343,70,0,0
3160329507,1,01,rural,7343,70,0,0
3160329508,1,01,rural,7343,70,0,0
3160332718,1,01,rural,7332,89,1,0
3160334508,2,01,rural,7321,89,0,0
3160334510,1,01,rural,4312,89,0,0
3160336410,1,01,rural,8155,80,0,0
3160337607,1,01,rural,7332,84,0,0
3160338715,1,01,rural,8155,78,0,0
3160343202,1,01,rural,2655,86,0,0
3160346205,1,01,rural,2544,79,0,0
3160346617,1,01,rural,7332,79,0,0
3160346922,1,01,rural,7332,79,0,0
3160347816,1,01,rural,7332,83,0,0
3160347818,1,01,rural,7332,83,0,0
3160348201,1,01,rural,7343,58,0,0
3160348716,1,01,rural,7343,58,0,0
3160350305,1,01,rural,7332,74,1,0
3160350611,1,01,rural,7332,74,0,0
3160352714,1,01,rural,7332,73,1,0
3160356410,1,01,rural,7332,75,0,0
3160357304,1,01,rural,7321,58,0,0
3160357306,1,01,rural,7332,58,0,0
3160358615,1,01,rural,7332,77,0,0
3160358923,1,01,rural,7332,77,0,0
3160361019,1,01,rural,7332,75,0,0
3160362206,1,01,rural,7332,70,0,0
3160362714,1,01,rural,7332,70,0,0
3160364511,1,01,rural,7223,71,1,1
3160365203,1,01,rural,7332,74,0,0
3160365823,1,01,rural,2655,74,0,0
3160366023,1,01,rural,7332,84,0,0
3160366303,1,01,rural,7332,84,0,0
3200367407,1,01,urbano,4312,175,0,0
3200370206,1,01,urbano,5212,225,0,0
3200370508,1,01,urbano,2542,225,0,0
3200371306,1,01,urbano,2655,164,0,0
3200379306,1,01,urbano,2271,214,0,0
3200382503,1,01,urbano,2636,185,0,0
3200386406,1,01,urbano,7353,196,0,0
3200390503,1,01,urbano,9713,187,0,0
3200399718,1,01,urbano,2171,192,0,0
3200400404,1,01,urbano,2172,157,0,0
3200401303,1,01,urbano,2172,165,0,0
3200405703,1,01,urbano,2172,228,0,0
3200406501,1,01,urbano,7999,206,0,0
3200410201,1,01,urbano,5212,190,1,1
3200412402,1,01,urbano,2162,183,0,0
3200435305,1,01,urbano,2161,186,0,0
3200438402,1,01,urbano,2271,275,0,0
3200445903,1,01,urbano,2271,173,0,0
3200451604,1,01,urbano,2174,185,0,0
3200454003,1,01,urbano,2173,167,0,0
3200462606,1,01,urbano,2172,229,0,0
3200478509,1,01,urbano,2172,226,1,1
3200481715,1,01,urbano,2152,189,0,0
3200481919,1,01,urbano,2712,189,0,0
3200484021,1,01,urbano,5212,174,0,0
3200484022,1,01,urbano,2172,174,0,0
3200485608,1,01,urbano,2173,217,1,1
3200492816,1,01,urbano,7321,199,0,0
3200496301,1,01,urbano,2552,214,0,0
3200497817,1,01,urbano,9713,183,0,0
3200505922,1,01,urbano,5212,181,0,0
3200506716,1,01,urbano,9713,208,0,0
3200515406,1,01,urbano,2162,199,0,0
3200519201,1,01,urbano,2271,219,0,0
3200529905,1,01,urbano,2712,189,0,0
3200530703,1,01,urbano,2271,225,0,0
3200534606,1,01,urbano,9713,215,0,0
3200537504,1,01,urbano,2655,230,1,0
3200539304,1,01,urbano,2271,186,0,0
3200546204,1,01,urbano,2131,257,0,0
3200546205,1,01,urbano,2543,257,0,0
3260553617,1,01,rural,2172,176,0,0
3260556021,1,01,rural,7332,176,0,0
3260565304,1,01,rural,2172,177,0,0
3260565304,2,01,rural,2172,177,0,0
3260565305,1,01,rural,2172,177,0,0
3260572022,1,01,rural,2172,186,0,0
3260576608,1,01,rural,2172,164,0,0
3260580408,1,01,rural,2552,137,0,0
3260582920,1,01,rural,2172,152,0,0
3260582921,1,01,rural,2172,152,0,0
